timing_plan_name,node_id,key,value,D1,D2,D3,D4,D5,D6,D7,D8,D9,D10,D11,D12,D13,D14,D15,D16,D17,D18,P1,P2,P3,P4,P5,P6,P7,P8,geometry,
ALLDAY,5009,SplitInSeconds,,,,,,,,,,,,,,,,,,,,,,,,,,,,,
ALLDAY,5009,BRP,,,,,,,,,,,,,,,,,,,,,,,,,,,,,
ALLDAY,5009,MinGreen,,,,,,,,,,,,,,,,,,,,,,,,,,,,,
ALLDAY,5009,MaxGreen,,,,,,,,,,,,,,,,,,,,,,,,,,,,,
ALLDAY,5009,VehExt,,,,,,,,,,,,,,,,,,,,,,,,,,,,,
ALLDAY,5009,TimeBeforeReduce,,,,,,,,,,,,,,,,,,,,,,,,,,,,,
ALLDAY,5009,TimeToReduce,,,,,,,,,,,,,,,,,,,,,,,,,,,,,
ALLDAY,5009,MinGap,,,,,,,,,,,,,,,,,,,,,,,,,,,,,
ALLDAY,5009,Yellow,,,,,,,,,,,,,,,,,,,,,,,,,,,,,
ALLDAY,5009,AllRed,,,,,,,,,,,,,,,,,,,,,,,,,,,,,
ALLDAY,5009,Recall,,,,,,,,,,,,,,,,,,,,,,,,,,,,,
ALLDAY,5009,Walk,,,,,,,,,,,,,,,,,,,,,,,,,,,,,
ALLDAY,5009,DontWalk,,,,,,,,,,,,,,,,,,,,,,,,,,,,,
ALLDAY,5009,PedCalls,,,,,,,,,,,,,,,,,,,,,,,,,,,,,
ALLDAY,5009,MinSplit,,,,,,,,,,,,,,,,,,,,,,,,,,,,,
ALLDAY,5009,DualEntry,,,,,,,,,,,,,,,,,,,,,,,,,,,,,
ALLDAY,5009,InhibitMax,,,,,,,,,,,,,,,,,,,,,,,,,,,,,
ALLDAY,5009,Start,,,,,,,,,,,,,,,,,,,,,,,,,,,,,
ALLDAY,5009,End,,,,,,,,,,,,,,,,,,,,,,,,,,,,,
ALLDAY,5009,Yield,,,,,,,,,,,,,,,,,,,,,,,,,,,,,
ALLDAY,5009,Yield170,,,,,,,,,,,,,,,,,,,,,,,,,,,,,
ALLDAY,5009,LocalStart,,,,,,,,,,,,,,,,,,,,,,,,,,,,,
ALLDAY,5009,LocalYield,,,,,,,,,,,,,,,,,,,,,,,,,,,,,
ALLDAY,5009,LocalYield170,,,,,,,,,,,,,,,,,,,,,,,,,,,,,
ALLDAY,5009,ActGreen,,,,,,,,,,,,,,,,,,,,,,,,,,,,,
ALLDAY,5009,Control_Type,pretimed_signal,,,,,,,,,,,,,,,,,,,,,,,,,,,,
ALLDAY,5009,Cycle Length,,,,,,,,,,,,,,,,,,,,,,,,,,,,,
ALLDAY,5009,Lock Timings,,,,,,,,,,,,,,,,,,,,,,,,,,,,,
ALLDAY,5009,Referenced To,,,,,,,,,,,,,,,,,,,,,,,,,,,,,
ALLDAY,5009,Reference Phase,,,,,,,,,,,,,,,,,,,,,,,,,,,,,
ALLDAY,5009,Offset,,,,,,,,,,,,,,,,,,,,,,,,,,,,,
ALLDAY,5009,Master,,,,,,,,,,,,,,,,,,,,,,,,,,,,,
ALLDAY,5009,Node 0,,,,,,,,,,,,,,,,,,,,,,,,,,,,,
ALLDAY,5009,Node 1,,,,,,,,,,,,,,,,,,,,,,,,,,,,,
ALLDAY,5009,RingType,dual_ring,,,,,,,,,,,,,,,,,,,,,,,,,,,,
ALLDAY,5009,OptimizationMethod,yes,,,,,,,,,,,,,,,,,,,,,,,,,,,,
ALLDAY,5009,VolumeAdjustmentFactor,,,,,,,,,,,,,,,,,,,,,,,,,,,,,
ALLDAY,5009,MovementCodeVector,,,,,,,,,,,,,,,,,,,,,,,,,,,,,
ALLDAY,5009,MovementVector,,,,,,,,,,,,,,,,,,,,,,,,,,,,,
ALLDAY,5010,SplitInSeconds,,,,,,,,,,,,,,,,,,,,,,,,,,,,,
ALLDAY,5010,BRP,,,,,,,,,,,,,,,,,,,,,,,,,,,,,
ALLDAY,5010,MinGreen,,,,,,,,,,,,,,,,,,,,,,,,,,,,,
ALLDAY,5010,MaxGreen,,,,,,,,,,,,,,,,,,,,,,,,,,,,,
ALLDAY,5010,VehExt,,,,,,,,,,,,,,,,,,,,,,,,,,,,,
ALLDAY,5010,TimeBeforeReduce,,,,,,,,,,,,,,,,,,,,,,,,,,,,,
ALLDAY,5010,TimeToReduce,,,,,,,,,,,,,,,,,,,,,,,,,,,,,
ALLDAY,5010,MinGap,,,,,,,,,,,,,,,,,,,,,,,,,,,,,
ALLDAY,5010,Yellow,,,,,,,,,,,,,,,,,,,,,,,,,,,,,
ALLDAY,5010,AllRed,,,,,,,,,,,,,,,,,,,,,,,,,,,,,
ALLDAY,5010,Recall,,,,,,,,,,,,,,,,,,,,,,,,,,,,,
ALLDAY,5010,Walk,,,,,,,,,,,,,,,,,,,,,,,,,,,,,
ALLDAY,5010,DontWalk,,,,,,,,,,,,,,,,,,,,,,,,,,,,,
ALLDAY,5010,PedCalls,,,,,,,,,,,,,,,,,,,,,,,,,,,,,
ALLDAY,5010,MinSplit,,,,,,,,,,,,,,,,,,,,,,,,,,,,,
ALLDAY,5010,DualEntry,,,,,,,,,,,,,,,,,,,,,,,,,,,,,
ALLDAY,5010,InhibitMax,,,,,,,,,,,,,,,,,,,,,,,,,,,,,
ALLDAY,5010,Start,,,,,,,,,,,,,,,,,,,,,,,,,,,,,
ALLDAY,5010,End,,,,,,,,,,,,,,,,,,,,,,,,,,,,,
ALLDAY,5010,Yield,,,,,,,,,,,,,,,,,,,,,,,,,,,,,
ALLDAY,5010,Yield170,,,,,,,,,,,,,,,,,,,,,,,,,,,,,
ALLDAY,5010,LocalStart,,,,,,,,,,,,,,,,,,,,,,,,,,,,,
ALLDAY,5010,LocalYield,,,,,,,,,,,,,,,,,,,,,,,,,,,,,
ALLDAY,5010,LocalYield170,,,,,,,,,,,,,,,,,,,,,,,,,,,,,
ALLDAY,5010,ActGreen,,,,,,,,,,,,,,,,,,,,,,,,,,,,,
ALLDAY,5010,Control_Type,pretimed_signal,,,,,,,,,,,,,,,,,,,,,,,,,,,,
ALLDAY,5010,Cycle Length,,,,,,,,,,,,,,,,,,,,,,,,,,,,,
ALLDAY,5010,Lock Timings,,,,,,,,,,,,,,,,,,,,,,,,,,,,,
ALLDAY,5010,Referenced To,,,,,,,,,,,,,,,,,,,,,,,,,,,,,
ALLDAY,5010,Reference Phase,,,,,,,,,,,,,,,,,,,,,,,,,,,,,
ALLDAY,5010,Offset,,,,,,,,,,,,,,,,,,,,,,,,,,,,,
ALLDAY,5010,Master,,,,,,,,,,,,,,,,,,,,,,,,,,,,,
ALLDAY,5010,Node 0,,,,,,,,,,,,,,,,,,,,,,,,,,,,,
ALLDAY,5010,Node 1,,,,,,,,,,,,,,,,,,,,,,,,,,,,,
ALLDAY,5010,RingType,dual_ring,,,,,,,,,,,,,,,,,,,,,,,,,,,,
ALLDAY,5010,OptimizationMethod,yes,,,,,,,,,,,,,,,,,,,,,,,,,,,,
ALLDAY,5010,VolumeAdjustmentFactor,,,,,,,,,,,,,,,,,,,,,,,,,,,,,
ALLDAY,5010,MovementCodeVector,,,,,,,,,,,,,,,,,,,,,,,,,,,,,
ALLDAY,5010,MovementVector,,,,,,,,,,,,,,,,,,,,,,,,,,,,,
ALLDAY,5017,SplitInSeconds,,,,,,,,,,,,,,,,,,,,,,,,,,,,,
ALLDAY,5017,BRP,,,,,,,,,,,,,,,,,,,,,,,,,,,,,
ALLDAY,5017,MinGreen,,,,,,,,,,,,,,,,,,,,,,,,,,,,,
ALLDAY,5017,MaxGreen,,,,,,,,,,,,,,,,,,,,,,,,,,,,,
ALLDAY,5017,VehExt,,,,,,,,,,,,,,,,,,,,,,,,,,,,,
ALLDAY,5017,TimeBeforeReduce,,,,,,,,,,,,,,,,,,,,,,,,,,,,,
ALLDAY,5017,TimeToReduce,,,,,,,,,,,,,,,,,,,,,,,,,,,,,
ALLDAY,5017,MinGap,,,,,,,,,,,,,,,,,,,,,,,,,,,,,
ALLDAY,5017,Yellow,,,,,,,,,,,,,,,,,,,,,,,,,,,,,
ALLDAY,5017,AllRed,,,,,,,,,,,,,,,,,,,,,,,,,,,,,
ALLDAY,5017,Recall,,,,,,,,,,,,,,,,,,,,,,,,,,,,,
ALLDAY,5017,Walk,,,,,,,,,,,,,,,,,,,,,,,,,,,,,
ALLDAY,5017,DontWalk,,,,,,,,,,,,,,,,,,,,,,,,,,,,,
ALLDAY,5017,PedCalls,,,,,,,,,,,,,,,,,,,,,,,,,,,,,
ALLDAY,5017,MinSplit,,,,,,,,,,,,,,,,,,,,,,,,,,,,,
ALLDAY,5017,DualEntry,,,,,,,,,,,,,,,,,,,,,,,,,,,,,
ALLDAY,5017,InhibitMax,,,,,,,,,,,,,,,,,,,,,,,,,,,,,
ALLDAY,5017,Start,,,,,,,,,,,,,,,,,,,,,,,,,,,,,
ALLDAY,5017,End,,,,,,,,,,,,,,,,,,,,,,,,,,,,,
ALLDAY,5017,Yield,,,,,,,,,,,,,,,,,,,,,,,,,,,,,
ALLDAY,5017,Yield170,,,,,,,,,,,,,,,,,,,,,,,,,,,,,
ALLDAY,5017,LocalStart,,,,,,,,,,,,,,,,,,,,,,,,,,,,,
ALLDAY,5017,LocalYield,,,,,,,,,,,,,,,,,,,,,,,,,,,,,
ALLDAY,5017,LocalYield170,,,,,,,,,,,,,,,,,,,,,,,,,,,,,
ALLDAY,5017,ActGreen,,,,,,,,,,,,,,,,,,,,,,,,,,,,,
ALLDAY,5017,Control_Type,pretimed_signal,,,,,,,,,,,,,,,,,,,,,,,,,,,,
ALLDAY,5017,Cycle Length,,,,,,,,,,,,,,,,,,,,,,,,,,,,,
ALLDAY,5017,Lock Timings,,,,,,,,,,,,,,,,,,,,,,,,,,,,,
ALLDAY,5017,Referenced To,,,,,,,,,,,,,,,,,,,,,,,,,,,,,
ALLDAY,5017,Reference Phase,,,,,,,,,,,,,,,,,,,,,,,,,,,,,
ALLDAY,5017,Offset,,,,,,,,,,,,,,,,,,,,,,,,,,,,,
ALLDAY,5017,Master,,,,,,,,,,,,,,,,,,,,,,,,,,,,,
ALLDAY,5017,Node 0,,,,,,,,,,,,,,,,,,,,,,,,,,,,,
ALLDAY,5017,Node 1,,,,,,,,,,,,,,,,,,,,,,,,,,,,,
ALLDAY,5017,RingType,dual_ring,,,,,,,,,,,,,,,,,,,,,,,,,,,,
ALLDAY,5017,OptimizationMethod,yes,,,,,,,,,,,,,,,,,,,,,,,,,,,,
ALLDAY,5017,VolumeAdjustmentFactor,,,,,,,,,,,,,,,,,,,,,,,,,,,,,
ALLDAY,5017,MovementCodeVector,,,,,,,,,,,,,,,,,,,,,,,,,,,,,
ALLDAY,5017,MovementVector,,,,,,,,,,,,,,,,,,,,,,,,,,,,,
ALLDAY,5022,SplitInSeconds,,,,,,,,,,,,,,,,,,,,,,,,,,,,,
ALLDAY,5022,BRP,,,,,,,,,,,,,,,,,,,,,,,,,,,,,
ALLDAY,5022,MinGreen,,,,,,,,,,,,,,,,,,,,,,,,,,,,,
ALLDAY,5022,MaxGreen,,,,,,,,,,,,,,,,,,,,,,,,,,,,,
ALLDAY,5022,VehExt,,,,,,,,,,,,,,,,,,,,,,,,,,,,,
ALLDAY,5022,TimeBeforeReduce,,,,,,,,,,,,,,,,,,,,,,,,,,,,,
ALLDAY,5022,TimeToReduce,,,,,,,,,,,,,,,,,,,,,,,,,,,,,
ALLDAY,5022,MinGap,,,,,,,,,,,,,,,,,,,,,,,,,,,,,
ALLDAY,5022,Yellow,,,,,,,,,,,,,,,,,,,,,,,,,,,,,
ALLDAY,5022,AllRed,,,,,,,,,,,,,,,,,,,,,,,,,,,,,
ALLDAY,5022,Recall,,,,,,,,,,,,,,,,,,,,,,,,,,,,,
ALLDAY,5022,Walk,,,,,,,,,,,,,,,,,,,,,,,,,,,,,
ALLDAY,5022,DontWalk,,,,,,,,,,,,,,,,,,,,,,,,,,,,,
ALLDAY,5022,PedCalls,,,,,,,,,,,,,,,,,,,,,,,,,,,,,
ALLDAY,5022,MinSplit,,,,,,,,,,,,,,,,,,,,,,,,,,,,,
ALLDAY,5022,DualEntry,,,,,,,,,,,,,,,,,,,,,,,,,,,,,
ALLDAY,5022,InhibitMax,,,,,,,,,,,,,,,,,,,,,,,,,,,,,
ALLDAY,5022,Start,,,,,,,,,,,,,,,,,,,,,,,,,,,,,
ALLDAY,5022,End,,,,,,,,,,,,,,,,,,,,,,,,,,,,,
ALLDAY,5022,Yield,,,,,,,,,,,,,,,,,,,,,,,,,,,,,
ALLDAY,5022,Yield170,,,,,,,,,,,,,,,,,,,,,,,,,,,,,
ALLDAY,5022,LocalStart,,,,,,,,,,,,,,,,,,,,,,,,,,,,,
ALLDAY,5022,LocalYield,,,,,,,,,,,,,,,,,,,,,,,,,,,,,
ALLDAY,5022,LocalYield170,,,,,,,,,,,,,,,,,,,,,,,,,,,,,
ALLDAY,5022,ActGreen,,,,,,,,,,,,,,,,,,,,,,,,,,,,,
ALLDAY,5022,Control_Type,pretimed_signal,,,,,,,,,,,,,,,,,,,,,,,,,,,,
ALLDAY,5022,Cycle Length,,,,,,,,,,,,,,,,,,,,,,,,,,,,,
ALLDAY,5022,Lock Timings,,,,,,,,,,,,,,,,,,,,,,,,,,,,,
ALLDAY,5022,Referenced To,,,,,,,,,,,,,,,,,,,,,,,,,,,,,
ALLDAY,5022,Reference Phase,,,,,,,,,,,,,,,,,,,,,,,,,,,,,
ALLDAY,5022,Offset,,,,,,,,,,,,,,,,,,,,,,,,,,,,,
ALLDAY,5022,Master,,,,,,,,,,,,,,,,,,,,,,,,,,,,,
ALLDAY,5022,Node 0,,,,,,,,,,,,,,,,,,,,,,,,,,,,,
ALLDAY,5022,Node 1,,,,,,,,,,,,,,,,,,,,,,,,,,,,,
ALLDAY,5022,RingType,dual_ring,,,,,,,,,,,,,,,,,,,,,,,,,,,,
ALLDAY,5022,OptimizationMethod,yes,,,,,,,,,,,,,,,,,,,,,,,,,,,,
ALLDAY,5022,VolumeAdjustmentFactor,,,,,,,,,,,,,,,,,,,,,,,,,,,,,
ALLDAY,5022,MovementCodeVector,,,,,,,,,,,,,,,,,,,,,,,,,,,,,
ALLDAY,5022,MovementVector,,,,,,,,,,,,,,,,,,,,,,,,,,,,,
ALLDAY,5027,SplitInSeconds,,,,,,,,,,,,,,,,,,,,,,,,,,,,,
ALLDAY,5027,BRP,,,,,,,,,,,,,,,,,,,,,,,,,,,,,
ALLDAY,5027,MinGreen,,,,,,,,,,,,,,,,,,,,,,,,,,,,,
ALLDAY,5027,MaxGreen,,,,,,,,,,,,,,,,,,,,,,,,,,,,,
ALLDAY,5027,VehExt,,,,,,,,,,,,,,,,,,,,,,,,,,,,,
ALLDAY,5027,TimeBeforeReduce,,,,,,,,,,,,,,,,,,,,,,,,,,,,,
ALLDAY,5027,TimeToReduce,,,,,,,,,,,,,,,,,,,,,,,,,,,,,
ALLDAY,5027,MinGap,,,,,,,,,,,,,,,,,,,,,,,,,,,,,
ALLDAY,5027,Yellow,,,,,,,,,,,,,,,,,,,,,,,,,,,,,
ALLDAY,5027,AllRed,,,,,,,,,,,,,,,,,,,,,,,,,,,,,
ALLDAY,5027,Recall,,,,,,,,,,,,,,,,,,,,,,,,,,,,,
ALLDAY,5027,Walk,,,,,,,,,,,,,,,,,,,,,,,,,,,,,
ALLDAY,5027,DontWalk,,,,,,,,,,,,,,,,,,,,,,,,,,,,,
ALLDAY,5027,PedCalls,,,,,,,,,,,,,,,,,,,,,,,,,,,,,
ALLDAY,5027,MinSplit,,,,,,,,,,,,,,,,,,,,,,,,,,,,,
ALLDAY,5027,DualEntry,,,,,,,,,,,,,,,,,,,,,,,,,,,,,
ALLDAY,5027,InhibitMax,,,,,,,,,,,,,,,,,,,,,,,,,,,,,
ALLDAY,5027,Start,,,,,,,,,,,,,,,,,,,,,,,,,,,,,
ALLDAY,5027,End,,,,,,,,,,,,,,,,,,,,,,,,,,,,,
ALLDAY,5027,Yield,,,,,,,,,,,,,,,,,,,,,,,,,,,,,
ALLDAY,5027,Yield170,,,,,,,,,,,,,,,,,,,,,,,,,,,,,
ALLDAY,5027,LocalStart,,,,,,,,,,,,,,,,,,,,,,,,,,,,,
ALLDAY,5027,LocalYield,,,,,,,,,,,,,,,,,,,,,,,,,,,,,
ALLDAY,5027,LocalYield170,,,,,,,,,,,,,,,,,,,,,,,,,,,,,
ALLDAY,5027,ActGreen,,,,,,,,,,,,,,,,,,,,,,,,,,,,,
ALLDAY,5027,Control_Type,pretimed_signal,,,,,,,,,,,,,,,,,,,,,,,,,,,,
ALLDAY,5027,Cycle Length,,,,,,,,,,,,,,,,,,,,,,,,,,,,,
ALLDAY,5027,Lock Timings,,,,,,,,,,,,,,,,,,,,,,,,,,,,,
ALLDAY,5027,Referenced To,,,,,,,,,,,,,,,,,,,,,,,,,,,,,
ALLDAY,5027,Reference Phase,,,,,,,,,,,,,,,,,,,,,,,,,,,,,
ALLDAY,5027,Offset,,,,,,,,,,,,,,,,,,,,,,,,,,,,,
ALLDAY,5027,Master,,,,,,,,,,,,,,,,,,,,,,,,,,,,,
ALLDAY,5027,Node 0,,,,,,,,,,,,,,,,,,,,,,,,,,,,,
ALLDAY,5027,Node 1,,,,,,,,,,,,,,,,,,,,,,,,,,,,,
ALLDAY,5027,RingType,dual_ring,,,,,,,,,,,,,,,,,,,,,,,,,,,,
ALLDAY,5027,OptimizationMethod,yes,,,,,,,,,,,,,,,,,,,,,,,,,,,,
ALLDAY,5027,VolumeAdjustmentFactor,,,,,,,,,,,,,,,,,,,,,,,,,,,,,
ALLDAY,5027,MovementCodeVector,,,,,,,,,,,,,,,,,,,,,,,,,,,,,
ALLDAY,5027,MovementVector,,,,,,,,,,,,,,,,,,,,,,,,,,,,,
ALLDAY,5030,SplitInSeconds,,,,,,,,,,,,,,,,,,,,,,,,,,,,,
ALLDAY,5030,BRP,,,,,,,,,,,,,,,,,,,,,,,,,,,,,
ALLDAY,5030,MinGreen,,,,,,,,,,,,,,,,,,,,,,,,,,,,,
ALLDAY,5030,MaxGreen,,,,,,,,,,,,,,,,,,,,,,,,,,,,,
ALLDAY,5030,VehExt,,,,,,,,,,,,,,,,,,,,,,,,,,,,,
ALLDAY,5030,TimeBeforeReduce,,,,,,,,,,,,,,,,,,,,,,,,,,,,,
ALLDAY,5030,TimeToReduce,,,,,,,,,,,,,,,,,,,,,,,,,,,,,
ALLDAY,5030,MinGap,,,,,,,,,,,,,,,,,,,,,,,,,,,,,
ALLDAY,5030,Yellow,,,,,,,,,,,,,,,,,,,,,,,,,,,,,
ALLDAY,5030,AllRed,,,,,,,,,,,,,,,,,,,,,,,,,,,,,
ALLDAY,5030,Recall,,,,,,,,,,,,,,,,,,,,,,,,,,,,,
ALLDAY,5030,Walk,,,,,,,,,,,,,,,,,,,,,,,,,,,,,
ALLDAY,5030,DontWalk,,,,,,,,,,,,,,,,,,,,,,,,,,,,,
ALLDAY,5030,PedCalls,,,,,,,,,,,,,,,,,,,,,,,,,,,,,
ALLDAY,5030,MinSplit,,,,,,,,,,,,,,,,,,,,,,,,,,,,,
ALLDAY,5030,DualEntry,,,,,,,,,,,,,,,,,,,,,,,,,,,,,
ALLDAY,5030,InhibitMax,,,,,,,,,,,,,,,,,,,,,,,,,,,,,
ALLDAY,5030,Start,,,,,,,,,,,,,,,,,,,,,,,,,,,,,
ALLDAY,5030,End,,,,,,,,,,,,,,,,,,,,,,,,,,,,,
ALLDAY,5030,Yield,,,,,,,,,,,,,,,,,,,,,,,,,,,,,
ALLDAY,5030,Yield170,,,,,,,,,,,,,,,,,,,,,,,,,,,,,
ALLDAY,5030,LocalStart,,,,,,,,,,,,,,,,,,,,,,,,,,,,,
ALLDAY,5030,LocalYield,,,,,,,,,,,,,,,,,,,,,,,,,,,,,
ALLDAY,5030,LocalYield170,,,,,,,,,,,,,,,,,,,,,,,,,,,,,
ALLDAY,5030,ActGreen,,,,,,,,,,,,,,,,,,,,,,,,,,,,,
ALLDAY,5030,Control_Type,pretimed_signal,,,,,,,,,,,,,,,,,,,,,,,,,,,,
ALLDAY,5030,Cycle Length,,,,,,,,,,,,,,,,,,,,,,,,,,,,,
ALLDAY,5030,Lock Timings,,,,,,,,,,,,,,,,,,,,,,,,,,,,,
ALLDAY,5030,Referenced To,,,,,,,,,,,,,,,,,,,,,,,,,,,,,
ALLDAY,5030,Reference Phase,,,,,,,,,,,,,,,,,,,,,,,,,,,,,
ALLDAY,5030,Offset,,,,,,,,,,,,,,,,,,,,,,,,,,,,,
ALLDAY,5030,Master,,,,,,,,,,,,,,,,,,,,,,,,,,,,,
ALLDAY,5030,Node 0,,,,,,,,,,,,,,,,,,,,,,,,,,,,,
ALLDAY,5030,Node 1,,,,,,,,,,,,,,,,,,,,,,,,,,,,,
ALLDAY,5030,RingType,dual_ring,,,,,,,,,,,,,,,,,,,,,,,,,,,,
ALLDAY,5030,OptimizationMethod,yes,,,,,,,,,,,,,,,,,,,,,,,,,,,,
ALLDAY,5030,VolumeAdjustmentFactor,,,,,,,,,,,,,,,,,,,,,,,,,,,,,
ALLDAY,5030,MovementCodeVector,,,,,,,,,,,,,,,,,,,,,,,,,,,,,
ALLDAY,5030,MovementVector,,,,,,,,,,,,,,,,,,,,,,,,,,,,,
ALLDAY,5106,SplitInSeconds,,,,,,,,,,,,,,,,,,,,,,,,,,,,,
ALLDAY,5106,BRP,,,,,,,,,,,,,,,,,,,,,,,,,,,,,
ALLDAY,5106,MinGreen,,,,,,,,,,,,,,,,,,,,,,,,,,,,,
ALLDAY,5106,MaxGreen,,,,,,,,,,,,,,,,,,,,,,,,,,,,,
ALLDAY,5106,VehExt,,,,,,,,,,,,,,,,,,,,,,,,,,,,,
ALLDAY,5106,TimeBeforeReduce,,,,,,,,,,,,,,,,,,,,,,,,,,,,,
ALLDAY,5106,TimeToReduce,,,,,,,,,,,,,,,,,,,,,,,,,,,,,
ALLDAY,5106,MinGap,,,,,,,,,,,,,,,,,,,,,,,,,,,,,
ALLDAY,5106,Yellow,,,,,,,,,,,,,,,,,,,,,,,,,,,,,
ALLDAY,5106,AllRed,,,,,,,,,,,,,,,,,,,,,,,,,,,,,
ALLDAY,5106,Recall,,,,,,,,,,,,,,,,,,,,,,,,,,,,,
ALLDAY,5106,Walk,,,,,,,,,,,,,,,,,,,,,,,,,,,,,
ALLDAY,5106,DontWalk,,,,,,,,,,,,,,,,,,,,,,,,,,,,,
ALLDAY,5106,PedCalls,,,,,,,,,,,,,,,,,,,,,,,,,,,,,
ALLDAY,5106,MinSplit,,,,,,,,,,,,,,,,,,,,,,,,,,,,,
ALLDAY,5106,DualEntry,,,,,,,,,,,,,,,,,,,,,,,,,,,,,
ALLDAY,5106,InhibitMax,,,,,,,,,,,,,,,,,,,,,,,,,,,,,
ALLDAY,5106,Start,,,,,,,,,,,,,,,,,,,,,,,,,,,,,
ALLDAY,5106,End,,,,,,,,,,,,,,,,,,,,,,,,,,,,,
ALLDAY,5106,Yield,,,,,,,,,,,,,,,,,,,,,,,,,,,,,
ALLDAY,5106,Yield170,,,,,,,,,,,,,,,,,,,,,,,,,,,,,
ALLDAY,5106,LocalStart,,,,,,,,,,,,,,,,,,,,,,,,,,,,,
ALLDAY,5106,LocalYield,,,,,,,,,,,,,,,,,,,,,,,,,,,,,
ALLDAY,5106,LocalYield170,,,,,,,,,,,,,,,,,,,,,,,,,,,,,
ALLDAY,5106,ActGreen,,,,,,,,,,,,,,,,,,,,,,,,,,,,,
ALLDAY,5106,Control_Type,pretimed_signal,,,,,,,,,,,,,,,,,,,,,,,,,,,,
ALLDAY,5106,Cycle Length,,,,,,,,,,,,,,,,,,,,,,,,,,,,,
ALLDAY,5106,Lock Timings,,,,,,,,,,,,,,,,,,,,,,,,,,,,,
ALLDAY,5106,Referenced To,,,,,,,,,,,,,,,,,,,,,,,,,,,,,
ALLDAY,5106,Reference Phase,,,,,,,,,,,,,,,,,,,,,,,,,,,,,
ALLDAY,5106,Offset,,,,,,,,,,,,,,,,,,,,,,,,,,,,,
ALLDAY,5106,Master,,,,,,,,,,,,,,,,,,,,,,,,,,,,,
ALLDAY,5106,Node 0,,,,,,,,,,,,,,,,,,,,,,,,,,,,,
ALLDAY,5106,Node 1,,,,,,,,,,,,,,,,,,,,,,,,,,,,,
ALLDAY,5106,RingType,dual_ring,,,,,,,,,,,,,,,,,,,,,,,,,,,,
ALLDAY,5106,OptimizationMethod,yes,,,,,,,,,,,,,,,,,,,,,,,,,,,,
ALLDAY,5106,VolumeAdjustmentFactor,,,,,,,,,,,,,,,,,,,,,,,,,,,,,
ALLDAY,5106,MovementCodeVector,,,,,,,,,,,,,,,,,,,,,,,,,,,,,
ALLDAY,5106,MovementVector,,,,,,,,,,,,,,,,,,,,,,,,,,,,,
ALLDAY,5109,SplitInSeconds,,,,,,,,,,,,,,,,,,,,,,,,,,,,,
ALLDAY,5109,BRP,,,,,,,,,,,,,,,,,,,,,,,,,,,,,
ALLDAY,5109,MinGreen,,,,,,,,,,,,,,,,,,,,,,,,,,,,,
ALLDAY,5109,MaxGreen,,,,,,,,,,,,,,,,,,,,,,,,,,,,,
ALLDAY,5109,VehExt,,,,,,,,,,,,,,,,,,,,,,,,,,,,,
ALLDAY,5109,TimeBeforeReduce,,,,,,,,,,,,,,,,,,,,,,,,,,,,,
ALLDAY,5109,TimeToReduce,,,,,,,,,,,,,,,,,,,,,,,,,,,,,
ALLDAY,5109,MinGap,,,,,,,,,,,,,,,,,,,,,,,,,,,,,
ALLDAY,5109,Yellow,,,,,,,,,,,,,,,,,,,,,,,,,,,,,
ALLDAY,5109,AllRed,,,,,,,,,,,,,,,,,,,,,,,,,,,,,
ALLDAY,5109,Recall,,,,,,,,,,,,,,,,,,,,,,,,,,,,,
ALLDAY,5109,Walk,,,,,,,,,,,,,,,,,,,,,,,,,,,,,
ALLDAY,5109,DontWalk,,,,,,,,,,,,,,,,,,,,,,,,,,,,,
ALLDAY,5109,PedCalls,,,,,,,,,,,,,,,,,,,,,,,,,,,,,
ALLDAY,5109,MinSplit,,,,,,,,,,,,,,,,,,,,,,,,,,,,,
ALLDAY,5109,DualEntry,,,,,,,,,,,,,,,,,,,,,,,,,,,,,
ALLDAY,5109,InhibitMax,,,,,,,,,,,,,,,,,,,,,,,,,,,,,
ALLDAY,5109,Start,,,,,,,,,,,,,,,,,,,,,,,,,,,,,
ALLDAY,5109,End,,,,,,,,,,,,,,,,,,,,,,,,,,,,,
ALLDAY,5109,Yield,,,,,,,,,,,,,,,,,,,,,,,,,,,,,
ALLDAY,5109,Yield170,,,,,,,,,,,,,,,,,,,,,,,,,,,,,
ALLDAY,5109,LocalStart,,,,,,,,,,,,,,,,,,,,,,,,,,,,,
ALLDAY,5109,LocalYield,,,,,,,,,,,,,,,,,,,,,,,,,,,,,
ALLDAY,5109,LocalYield170,,,,,,,,,,,,,,,,,,,,,,,,,,,,,
ALLDAY,5109,ActGreen,,,,,,,,,,,,,,,,,,,,,,,,,,,,,
ALLDAY,5109,Control_Type,pretimed_signal,,,,,,,,,,,,,,,,,,,,,,,,,,,,
ALLDAY,5109,Cycle Length,,,,,,,,,,,,,,,,,,,,,,,,,,,,,
ALLDAY,5109,Lock Timings,,,,,,,,,,,,,,,,,,,,,,,,,,,,,
ALLDAY,5109,Referenced To,,,,,,,,,,,,,,,,,,,,,,,,,,,,,
ALLDAY,5109,Reference Phase,,,,,,,,,,,,,,,,,,,,,,,,,,,,,
ALLDAY,5109,Offset,,,,,,,,,,,,,,,,,,,,,,,,,,,,,
ALLDAY,5109,Master,,,,,,,,,,,,,,,,,,,,,,,,,,,,,
ALLDAY,5109,Node 0,,,,,,,,,,,,,,,,,,,,,,,,,,,,,
ALLDAY,5109,Node 1,,,,,,,,,,,,,,,,,,,,,,,,,,,,,
ALLDAY,5109,RingType,dual_ring,,,,,,,,,,,,,,,,,,,,,,,,,,,,
ALLDAY,5109,OptimizationMethod,yes,,,,,,,,,,,,,,,,,,,,,,,,,,,,
ALLDAY,5109,VolumeAdjustmentFactor,,,,,,,,,,,,,,,,,,,,,,,,,,,,,
ALLDAY,5109,MovementCodeVector,,,,,,,,,,,,,,,,,,,,,,,,,,,,,
ALLDAY,5109,MovementVector,,,,,,,,,,,,,,,,,,,,,,,,,,,,,
ALLDAY,5112,SplitInSeconds,,,,,,,,,,,,,,,,,,,,,,,,,,,,,
ALLDAY,5112,BRP,,,,,,,,,,,,,,,,,,,,,,,,,,,,,
ALLDAY,5112,MinGreen,,,,,,,,,,,,,,,,,,,,,,,,,,,,,
ALLDAY,5112,MaxGreen,,,,,,,,,,,,,,,,,,,,,,,,,,,,,
ALLDAY,5112,VehExt,,,,,,,,,,,,,,,,,,,,,,,,,,,,,
ALLDAY,5112,TimeBeforeReduce,,,,,,,,,,,,,,,,,,,,,,,,,,,,,
ALLDAY,5112,TimeToReduce,,,,,,,,,,,,,,,,,,,,,,,,,,,,,
ALLDAY,5112,MinGap,,,,,,,,,,,,,,,,,,,,,,,,,,,,,
ALLDAY,5112,Yellow,,,,,,,,,,,,,,,,,,,,,,,,,,,,,
ALLDAY,5112,AllRed,,,,,,,,,,,,,,,,,,,,,,,,,,,,,
ALLDAY,5112,Recall,,,,,,,,,,,,,,,,,,,,,,,,,,,,,
ALLDAY,5112,Walk,,,,,,,,,,,,,,,,,,,,,,,,,,,,,
ALLDAY,5112,DontWalk,,,,,,,,,,,,,,,,,,,,,,,,,,,,,
ALLDAY,5112,PedCalls,,,,,,,,,,,,,,,,,,,,,,,,,,,,,
ALLDAY,5112,MinSplit,,,,,,,,,,,,,,,,,,,,,,,,,,,,,
ALLDAY,5112,DualEntry,,,,,,,,,,,,,,,,,,,,,,,,,,,,,
ALLDAY,5112,InhibitMax,,,,,,,,,,,,,,,,,,,,,,,,,,,,,
ALLDAY,5112,Start,,,,,,,,,,,,,,,,,,,,,,,,,,,,,
ALLDAY,5112,End,,,,,,,,,,,,,,,,,,,,,,,,,,,,,
ALLDAY,5112,Yield,,,,,,,,,,,,,,,,,,,,,,,,,,,,,
ALLDAY,5112,Yield170,,,,,,,,,,,,,,,,,,,,,,,,,,,,,
ALLDAY,5112,LocalStart,,,,,,,,,,,,,,,,,,,,,,,,,,,,,
ALLDAY,5112,LocalYield,,,,,,,,,,,,,,,,,,,,,,,,,,,,,
ALLDAY,5112,LocalYield170,,,,,,,,,,,,,,,,,,,,,,,,,,,,,
ALLDAY,5112,ActGreen,,,,,,,,,,,,,,,,,,,,,,,,,,,,,
ALLDAY,5112,Control_Type,pretimed_signal,,,,,,,,,,,,,,,,,,,,,,,,,,,,
ALLDAY,5112,Cycle Length,,,,,,,,,,,,,,,,,,,,,,,,,,,,,
ALLDAY,5112,Lock Timings,,,,,,,,,,,,,,,,,,,,,,,,,,,,,
ALLDAY,5112,Referenced To,,,,,,,,,,,,,,,,,,,,,,,,,,,,,
ALLDAY,5112,Reference Phase,,,,,,,,,,,,,,,,,,,,,,,,,,,,,
ALLDAY,5112,Offset,,,,,,,,,,,,,,,,,,,,,,,,,,,,,
ALLDAY,5112,Master,,,,,,,,,,,,,,,,,,,,,,,,,,,,,
ALLDAY,5112,Node 0,,,,,,,,,,,,,,,,,,,,,,,,,,,,,
ALLDAY,5112,Node 1,,,,,,,,,,,,,,,,,,,,,,,,,,,,,
ALLDAY,5112,RingType,dual_ring,,,,,,,,,,,,,,,,,,,,,,,,,,,,
ALLDAY,5112,OptimizationMethod,yes,,,,,,,,,,,,,,,,,,,,,,,,,,,,
ALLDAY,5112,VolumeAdjustmentFactor,,,,,,,,,,,,,,,,,,,,,,,,,,,,,
ALLDAY,5112,MovementCodeVector,,,,,,,,,,,,,,,,,,,,,,,,,,,,,
ALLDAY,5112,MovementVector,,,,,,,,,,,,,,,,,,,,,,,,,,,,,
ALLDAY,5114,SplitInSeconds,,,,,,,,,,,,,,,,,,,,,,,,,,,,,
ALLDAY,5114,BRP,,,,,,,,,,,,,,,,,,,,,,,,,,,,,
ALLDAY,5114,MinGreen,,,,,,,,,,,,,,,,,,,,,,,,,,,,,
ALLDAY,5114,MaxGreen,,,,,,,,,,,,,,,,,,,,,,,,,,,,,
ALLDAY,5114,VehExt,,,,,,,,,,,,,,,,,,,,,,,,,,,,,
ALLDAY,5114,TimeBeforeReduce,,,,,,,,,,,,,,,,,,,,,,,,,,,,,
ALLDAY,5114,TimeToReduce,,,,,,,,,,,,,,,,,,,,,,,,,,,,,
ALLDAY,5114,MinGap,,,,,,,,,,,,,,,,,,,,,,,,,,,,,
ALLDAY,5114,Yellow,,,,,,,,,,,,,,,,,,,,,,,,,,,,,
ALLDAY,5114,AllRed,,,,,,,,,,,,,,,,,,,,,,,,,,,,,
ALLDAY,5114,Recall,,,,,,,,,,,,,,,,,,,,,,,,,,,,,
ALLDAY,5114,Walk,,,,,,,,,,,,,,,,,,,,,,,,,,,,,
ALLDAY,5114,DontWalk,,,,,,,,,,,,,,,,,,,,,,,,,,,,,
ALLDAY,5114,PedCalls,,,,,,,,,,,,,,,,,,,,,,,,,,,,,
ALLDAY,5114,MinSplit,,,,,,,,,,,,,,,,,,,,,,,,,,,,,
ALLDAY,5114,DualEntry,,,,,,,,,,,,,,,,,,,,,,,,,,,,,
ALLDAY,5114,InhibitMax,,,,,,,,,,,,,,,,,,,,,,,,,,,,,
ALLDAY,5114,Start,,,,,,,,,,,,,,,,,,,,,,,,,,,,,
ALLDAY,5114,End,,,,,,,,,,,,,,,,,,,,,,,,,,,,,
ALLDAY,5114,Yield,,,,,,,,,,,,,,,,,,,,,,,,,,,,,
ALLDAY,5114,Yield170,,,,,,,,,,,,,,,,,,,,,,,,,,,,,
ALLDAY,5114,LocalStart,,,,,,,,,,,,,,,,,,,,,,,,,,,,,
ALLDAY,5114,LocalYield,,,,,,,,,,,,,,,,,,,,,,,,,,,,,
ALLDAY,5114,LocalYield170,,,,,,,,,,,,,,,,,,,,,,,,,,,,,
ALLDAY,5114,ActGreen,,,,,,,,,,,,,,,,,,,,,,,,,,,,,
ALLDAY,5114,Control_Type,pretimed_signal,,,,,,,,,,,,,,,,,,,,,,,,,,,,
ALLDAY,5114,Cycle Length,,,,,,,,,,,,,,,,,,,,,,,,,,,,,
ALLDAY,5114,Lock Timings,,,,,,,,,,,,,,,,,,,,,,,,,,,,,
ALLDAY,5114,Referenced To,,,,,,,,,,,,,,,,,,,,,,,,,,,,,
ALLDAY,5114,Reference Phase,,,,,,,,,,,,,,,,,,,,,,,,,,,,,
ALLDAY,5114,Offset,,,,,,,,,,,,,,,,,,,,,,,,,,,,,
ALLDAY,5114,Master,,,,,,,,,,,,,,,,,,,,,,,,,,,,,
ALLDAY,5114,Node 0,,,,,,,,,,,,,,,,,,,,,,,,,,,,,
ALLDAY,5114,Node 1,,,,,,,,,,,,,,,,,,,,,,,,,,,,,
ALLDAY,5114,RingType,dual_ring,,,,,,,,,,,,,,,,,,,,,,,,,,,,
ALLDAY,5114,OptimizationMethod,yes,,,,,,,,,,,,,,,,,,,,,,,,,,,,
ALLDAY,5114,VolumeAdjustmentFactor,,,,,,,,,,,,,,,,,,,,,,,,,,,,,
ALLDAY,5114,MovementCodeVector,,,,,,,,,,,,,,,,,,,,,,,,,,,,,
ALLDAY,5114,MovementVector,,,,,,,,,,,,,,,,,,,,,,,,,,,,,
ALLDAY,5118,SplitInSeconds,,,,,,,,,,,,,,,,,,,,,,,,,,,,,
ALLDAY,5118,BRP,,,,,,,,,,,,,,,,,,,,,,,,,,,,,
ALLDAY,5118,MinGreen,,,,,,,,,,,,,,,,,,,,,,,,,,,,,
ALLDAY,5118,MaxGreen,,,,,,,,,,,,,,,,,,,,,,,,,,,,,
ALLDAY,5118,VehExt,,,,,,,,,,,,,,,,,,,,,,,,,,,,,
ALLDAY,5118,TimeBeforeReduce,,,,,,,,,,,,,,,,,,,,,,,,,,,,,
ALLDAY,5118,TimeToReduce,,,,,,,,,,,,,,,,,,,,,,,,,,,,,
ALLDAY,5118,MinGap,,,,,,,,,,,,,,,,,,,,,,,,,,,,,
ALLDAY,5118,Yellow,,,,,,,,,,,,,,,,,,,,,,,,,,,,,
ALLDAY,5118,AllRed,,,,,,,,,,,,,,,,,,,,,,,,,,,,,
ALLDAY,5118,Recall,,,,,,,,,,,,,,,,,,,,,,,,,,,,,
ALLDAY,5118,Walk,,,,,,,,,,,,,,,,,,,,,,,,,,,,,
ALLDAY,5118,DontWalk,,,,,,,,,,,,,,,,,,,,,,,,,,,,,
ALLDAY,5118,PedCalls,,,,,,,,,,,,,,,,,,,,,,,,,,,,,
ALLDAY,5118,MinSplit,,,,,,,,,,,,,,,,,,,,,,,,,,,,,
ALLDAY,5118,DualEntry,,,,,,,,,,,,,,,,,,,,,,,,,,,,,
ALLDAY,5118,InhibitMax,,,,,,,,,,,,,,,,,,,,,,,,,,,,,
ALLDAY,5118,Start,,,,,,,,,,,,,,,,,,,,,,,,,,,,,
ALLDAY,5118,End,,,,,,,,,,,,,,,,,,,,,,,,,,,,,
ALLDAY,5118,Yield,,,,,,,,,,,,,,,,,,,,,,,,,,,,,
ALLDAY,5118,Yield170,,,,,,,,,,,,,,,,,,,,,,,,,,,,,
ALLDAY,5118,LocalStart,,,,,,,,,,,,,,,,,,,,,,,,,,,,,
ALLDAY,5118,LocalYield,,,,,,,,,,,,,,,,,,,,,,,,,,,,,
ALLDAY,5118,LocalYield170,,,,,,,,,,,,,,,,,,,,,,,,,,,,,
ALLDAY,5118,ActGreen,,,,,,,,,,,,,,,,,,,,,,,,,,,,,
ALLDAY,5118,Control_Type,pretimed_signal,,,,,,,,,,,,,,,,,,,,,,,,,,,,
ALLDAY,5118,Cycle Length,,,,,,,,,,,,,,,,,,,,,,,,,,,,,
ALLDAY,5118,Lock Timings,,,,,,,,,,,,,,,,,,,,,,,,,,,,,
ALLDAY,5118,Referenced To,,,,,,,,,,,,,,,,,,,,,,,,,,,,,
ALLDAY,5118,Reference Phase,,,,,,,,,,,,,,,,,,,,,,,,,,,,,
ALLDAY,5118,Offset,,,,,,,,,,,,,,,,,,,,,,,,,,,,,
ALLDAY,5118,Master,,,,,,,,,,,,,,,,,,,,,,,,,,,,,
ALLDAY,5118,Node 0,,,,,,,,,,,,,,,,,,,,,,,,,,,,,
ALLDAY,5118,Node 1,,,,,,,,,,,,,,,,,,,,,,,,,,,,,
ALLDAY,5118,RingType,dual_ring,,,,,,,,,,,,,,,,,,,,,,,,,,,,
ALLDAY,5118,OptimizationMethod,yes,,,,,,,,,,,,,,,,,,,,,,,,,,,,
ALLDAY,5118,VolumeAdjustmentFactor,,,,,,,,,,,,,,,,,,,,,,,,,,,,,
ALLDAY,5118,MovementCodeVector,,,,,,,,,,,,,,,,,,,,,,,,,,,,,
ALLDAY,5118,MovementVector,,,,,,,,,,,,,,,,,,,,,,,,,,,,,
ALLDAY,5208,SplitInSeconds,,,,,,,,,,,,,,,,,,,,,,,,,,,,,
ALLDAY,5208,BRP,,,,,,,,,,,,,,,,,,,,,,,,,,,,,
ALLDAY,5208,MinGreen,,,,,,,,,,,,,,,,,,,,,,,,,,,,,
ALLDAY,5208,MaxGreen,,,,,,,,,,,,,,,,,,,,,,,,,,,,,
ALLDAY,5208,VehExt,,,,,,,,,,,,,,,,,,,,,,,,,,,,,
ALLDAY,5208,TimeBeforeReduce,,,,,,,,,,,,,,,,,,,,,,,,,,,,,
ALLDAY,5208,TimeToReduce,,,,,,,,,,,,,,,,,,,,,,,,,,,,,
ALLDAY,5208,MinGap,,,,,,,,,,,,,,,,,,,,,,,,,,,,,
ALLDAY,5208,Yellow,,,,,,,,,,,,,,,,,,,,,,,,,,,,,
ALLDAY,5208,AllRed,,,,,,,,,,,,,,,,,,,,,,,,,,,,,
ALLDAY,5208,Recall,,,,,,,,,,,,,,,,,,,,,,,,,,,,,
ALLDAY,5208,Walk,,,,,,,,,,,,,,,,,,,,,,,,,,,,,
ALLDAY,5208,DontWalk,,,,,,,,,,,,,,,,,,,,,,,,,,,,,
ALLDAY,5208,PedCalls,,,,,,,,,,,,,,,,,,,,,,,,,,,,,
ALLDAY,5208,MinSplit,,,,,,,,,,,,,,,,,,,,,,,,,,,,,
ALLDAY,5208,DualEntry,,,,,,,,,,,,,,,,,,,,,,,,,,,,,
ALLDAY,5208,InhibitMax,,,,,,,,,,,,,,,,,,,,,,,,,,,,,
ALLDAY,5208,Start,,,,,,,,,,,,,,,,,,,,,,,,,,,,,
ALLDAY,5208,End,,,,,,,,,,,,,,,,,,,,,,,,,,,,,
ALLDAY,5208,Yield,,,,,,,,,,,,,,,,,,,,,,,,,,,,,
ALLDAY,5208,Yield170,,,,,,,,,,,,,,,,,,,,,,,,,,,,,
ALLDAY,5208,LocalStart,,,,,,,,,,,,,,,,,,,,,,,,,,,,,
ALLDAY,5208,LocalYield,,,,,,,,,,,,,,,,,,,,,,,,,,,,,
ALLDAY,5208,LocalYield170,,,,,,,,,,,,,,,,,,,,,,,,,,,,,
ALLDAY,5208,ActGreen,,,,,,,,,,,,,,,,,,,,,,,,,,,,,
ALLDAY,5208,Control_Type,pretimed_signal,,,,,,,,,,,,,,,,,,,,,,,,,,,,
ALLDAY,5208,Cycle Length,,,,,,,,,,,,,,,,,,,,,,,,,,,,,
ALLDAY,5208,Lock Timings,,,,,,,,,,,,,,,,,,,,,,,,,,,,,
ALLDAY,5208,Referenced To,,,,,,,,,,,,,,,,,,,,,,,,,,,,,
ALLDAY,5208,Reference Phase,,,,,,,,,,,,,,,,,,,,,,,,,,,,,
ALLDAY,5208,Offset,,,,,,,,,,,,,,,,,,,,,,,,,,,,,
ALLDAY,5208,Master,,,,,,,,,,,,,,,,,,,,,,,,,,,,,
ALLDAY,5208,Node 0,,,,,,,,,,,,,,,,,,,,,,,,,,,,,
ALLDAY,5208,Node 1,,,,,,,,,,,,,,,,,,,,,,,,,,,,,
ALLDAY,5208,RingType,dual_ring,,,,,,,,,,,,,,,,,,,,,,,,,,,,
ALLDAY,5208,OptimizationMethod,yes,,,,,,,,,,,,,,,,,,,,,,,,,,,,
ALLDAY,5208,VolumeAdjustmentFactor,,,,,,,,,,,,,,,,,,,,,,,,,,,,,
ALLDAY,5208,MovementCodeVector,,,,,,,,,,,,,,,,,,,,,,,,,,,,,
ALLDAY,5208,MovementVector,,,,,,,,,,,,,,,,,,,,,,,,,,,,,
ALLDAY,5211,SplitInSeconds,,,,,,,,,,,,,,,,,,,,,,,,,,,,,
ALLDAY,5211,BRP,,,,,,,,,,,,,,,,,,,,,,,,,,,,,
ALLDAY,5211,MinGreen,,,,,,,,,,,,,,,,,,,,,,,,,,,,,
ALLDAY,5211,MaxGreen,,,,,,,,,,,,,,,,,,,,,,,,,,,,,
ALLDAY,5211,VehExt,,,,,,,,,,,,,,,,,,,,,,,,,,,,,
ALLDAY,5211,TimeBeforeReduce,,,,,,,,,,,,,,,,,,,,,,,,,,,,,
ALLDAY,5211,TimeToReduce,,,,,,,,,,,,,,,,,,,,,,,,,,,,,
ALLDAY,5211,MinGap,,,,,,,,,,,,,,,,,,,,,,,,,,,,,
ALLDAY,5211,Yellow,,,,,,,,,,,,,,,,,,,,,,,,,,,,,
ALLDAY,5211,AllRed,,,,,,,,,,,,,,,,,,,,,,,,,,,,,
ALLDAY,5211,Recall,,,,,,,,,,,,,,,,,,,,,,,,,,,,,
ALLDAY,5211,Walk,,,,,,,,,,,,,,,,,,,,,,,,,,,,,
ALLDAY,5211,DontWalk,,,,,,,,,,,,,,,,,,,,,,,,,,,,,
ALLDAY,5211,PedCalls,,,,,,,,,,,,,,,,,,,,,,,,,,,,,
ALLDAY,5211,MinSplit,,,,,,,,,,,,,,,,,,,,,,,,,,,,,
ALLDAY,5211,DualEntry,,,,,,,,,,,,,,,,,,,,,,,,,,,,,
ALLDAY,5211,InhibitMax,,,,,,,,,,,,,,,,,,,,,,,,,,,,,
ALLDAY,5211,Start,,,,,,,,,,,,,,,,,,,,,,,,,,,,,
ALLDAY,5211,End,,,,,,,,,,,,,,,,,,,,,,,,,,,,,
ALLDAY,5211,Yield,,,,,,,,,,,,,,,,,,,,,,,,,,,,,
ALLDAY,5211,Yield170,,,,,,,,,,,,,,,,,,,,,,,,,,,,,
ALLDAY,5211,LocalStart,,,,,,,,,,,,,,,,,,,,,,,,,,,,,
ALLDAY,5211,LocalYield,,,,,,,,,,,,,,,,,,,,,,,,,,,,,
ALLDAY,5211,LocalYield170,,,,,,,,,,,,,,,,,,,,,,,,,,,,,
ALLDAY,5211,ActGreen,,,,,,,,,,,,,,,,,,,,,,,,,,,,,
ALLDAY,5211,Control_Type,pretimed_signal,,,,,,,,,,,,,,,,,,,,,,,,,,,,
ALLDAY,5211,Cycle Length,,,,,,,,,,,,,,,,,,,,,,,,,,,,,
ALLDAY,5211,Lock Timings,,,,,,,,,,,,,,,,,,,,,,,,,,,,,
ALLDAY,5211,Referenced To,,,,,,,,,,,,,,,,,,,,,,,,,,,,,
ALLDAY,5211,Reference Phase,,,,,,,,,,,,,,,,,,,,,,,,,,,,,
ALLDAY,5211,Offset,,,,,,,,,,,,,,,,,,,,,,,,,,,,,
ALLDAY,5211,Master,,,,,,,,,,,,,,,,,,,,,,,,,,,,,
ALLDAY,5211,Node 0,,,,,,,,,,,,,,,,,,,,,,,,,,,,,
ALLDAY,5211,Node 1,,,,,,,,,,,,,,,,,,,,,,,,,,,,,
ALLDAY,5211,RingType,dual_ring,,,,,,,,,,,,,,,,,,,,,,,,,,,,
ALLDAY,5211,OptimizationMethod,yes,,,,,,,,,,,,,,,,,,,,,,,,,,,,
ALLDAY,5211,VolumeAdjustmentFactor,,,,,,,,,,,,,,,,,,,,,,,,,,,,,
ALLDAY,5211,MovementCodeVector,,,,,,,,,,,,,,,,,,,,,,,,,,,,,
ALLDAY,5211,MovementVector,,,,,,,,,,,,,,,,,,,,,,,,,,,,,
ALLDAY,5214,SplitInSeconds,,,,,,,,,,,,,,,,,,,,,,,,,,,,,
ALLDAY,5214,BRP,,,,,,,,,,,,,,,,,,,,,,,,,,,,,
ALLDAY,5214,MinGreen,,,,,,,,,,,,,,,,,,,,,,,,,,,,,
ALLDAY,5214,MaxGreen,,,,,,,,,,,,,,,,,,,,,,,,,,,,,
ALLDAY,5214,VehExt,,,,,,,,,,,,,,,,,,,,,,,,,,,,,
ALLDAY,5214,TimeBeforeReduce,,,,,,,,,,,,,,,,,,,,,,,,,,,,,
ALLDAY,5214,TimeToReduce,,,,,,,,,,,,,,,,,,,,,,,,,,,,,
ALLDAY,5214,MinGap,,,,,,,,,,,,,,,,,,,,,,,,,,,,,
ALLDAY,5214,Yellow,,,,,,,,,,,,,,,,,,,,,,,,,,,,,
ALLDAY,5214,AllRed,,,,,,,,,,,,,,,,,,,,,,,,,,,,,
ALLDAY,5214,Recall,,,,,,,,,,,,,,,,,,,,,,,,,,,,,
ALLDAY,5214,Walk,,,,,,,,,,,,,,,,,,,,,,,,,,,,,
ALLDAY,5214,DontWalk,,,,,,,,,,,,,,,,,,,,,,,,,,,,,
ALLDAY,5214,PedCalls,,,,,,,,,,,,,,,,,,,,,,,,,,,,,
ALLDAY,5214,MinSplit,,,,,,,,,,,,,,,,,,,,,,,,,,,,,
ALLDAY,5214,DualEntry,,,,,,,,,,,,,,,,,,,,,,,,,,,,,
ALLDAY,5214,InhibitMax,,,,,,,,,,,,,,,,,,,,,,,,,,,,,
ALLDAY,5214,Start,,,,,,,,,,,,,,,,,,,,,,,,,,,,,
ALLDAY,5214,End,,,,,,,,,,,,,,,,,,,,,,,,,,,,,
ALLDAY,5214,Yield,,,,,,,,,,,,,,,,,,,,,,,,,,,,,
ALLDAY,5214,Yield170,,,,,,,,,,,,,,,,,,,,,,,,,,,,,
ALLDAY,5214,LocalStart,,,,,,,,,,,,,,,,,,,,,,,,,,,,,
ALLDAY,5214,LocalYield,,,,,,,,,,,,,,,,,,,,,,,,,,,,,
ALLDAY,5214,LocalYield170,,,,,,,,,,,,,,,,,,,,,,,,,,,,,
ALLDAY,5214,ActGreen,,,,,,,,,,,,,,,,,,,,,,,,,,,,,
ALLDAY,5214,Control_Type,pretimed_signal,,,,,,,,,,,,,,,,,,,,,,,,,,,,
ALLDAY,5214,Cycle Length,,,,,,,,,,,,,,,,,,,,,,,,,,,,,
ALLDAY,5214,Lock Timings,,,,,,,,,,,,,,,,,,,,,,,,,,,,,
ALLDAY,5214,Referenced To,,,,,,,,,,,,,,,,,,,,,,,,,,,,,
ALLDAY,5214,Reference Phase,,,,,,,,,,,,,,,,,,,,,,,,,,,,,
ALLDAY,5214,Offset,,,,,,,,,,,,,,,,,,,,,,,,,,,,,
ALLDAY,5214,Master,,,,,,,,,,,,,,,,,,,,,,,,,,,,,
ALLDAY,5214,Node 0,,,,,,,,,,,,,,,,,,,,,,,,,,,,,
ALLDAY,5214,Node 1,,,,,,,,,,,,,,,,,,,,,,,,,,,,,
ALLDAY,5214,RingType,dual_ring,,,,,,,,,,,,,,,,,,,,,,,,,,,,
ALLDAY,5214,OptimizationMethod,yes,,,,,,,,,,,,,,,,,,,,,,,,,,,,
ALLDAY,5214,VolumeAdjustmentFactor,,,,,,,,,,,,,,,,,,,,,,,,,,,,,
ALLDAY,5214,MovementCodeVector,,,,,,,,,,,,,,,,,,,,,,,,,,,,,
ALLDAY,5214,MovementVector,,,,,,,,,,,,,,,,,,,,,,,,,,,,,
ALLDAY,5215,SplitInSeconds,,,,,,,,,,,,,,,,,,,,,,,,,,,,,
ALLDAY,5215,BRP,,,,,,,,,,,,,,,,,,,,,,,,,,,,,
ALLDAY,5215,MinGreen,,,,,,,,,,,,,,,,,,,,,,,,,,,,,
ALLDAY,5215,MaxGreen,,,,,,,,,,,,,,,,,,,,,,,,,,,,,
ALLDAY,5215,VehExt,,,,,,,,,,,,,,,,,,,,,,,,,,,,,
ALLDAY,5215,TimeBeforeReduce,,,,,,,,,,,,,,,,,,,,,,,,,,,,,
ALLDAY,5215,TimeToReduce,,,,,,,,,,,,,,,,,,,,,,,,,,,,,
ALLDAY,5215,MinGap,,,,,,,,,,,,,,,,,,,,,,,,,,,,,
ALLDAY,5215,Yellow,,,,,,,,,,,,,,,,,,,,,,,,,,,,,
ALLDAY,5215,AllRed,,,,,,,,,,,,,,,,,,,,,,,,,,,,,
ALLDAY,5215,Recall,,,,,,,,,,,,,,,,,,,,,,,,,,,,,
ALLDAY,5215,Walk,,,,,,,,,,,,,,,,,,,,,,,,,,,,,
ALLDAY,5215,DontWalk,,,,,,,,,,,,,,,,,,,,,,,,,,,,,
ALLDAY,5215,PedCalls,,,,,,,,,,,,,,,,,,,,,,,,,,,,,
ALLDAY,5215,MinSplit,,,,,,,,,,,,,,,,,,,,,,,,,,,,,
ALLDAY,5215,DualEntry,,,,,,,,,,,,,,,,,,,,,,,,,,,,,
ALLDAY,5215,InhibitMax,,,,,,,,,,,,,,,,,,,,,,,,,,,,,
ALLDAY,5215,Start,,,,,,,,,,,,,,,,,,,,,,,,,,,,,
ALLDAY,5215,End,,,,,,,,,,,,,,,,,,,,,,,,,,,,,
ALLDAY,5215,Yield,,,,,,,,,,,,,,,,,,,,,,,,,,,,,
ALLDAY,5215,Yield170,,,,,,,,,,,,,,,,,,,,,,,,,,,,,
ALLDAY,5215,LocalStart,,,,,,,,,,,,,,,,,,,,,,,,,,,,,
ALLDAY,5215,LocalYield,,,,,,,,,,,,,,,,,,,,,,,,,,,,,
ALLDAY,5215,LocalYield170,,,,,,,,,,,,,,,,,,,,,,,,,,,,,
ALLDAY,5215,ActGreen,,,,,,,,,,,,,,,,,,,,,,,,,,,,,
ALLDAY,5215,Control_Type,pretimed_signal,,,,,,,,,,,,,,,,,,,,,,,,,,,,
ALLDAY,5215,Cycle Length,,,,,,,,,,,,,,,,,,,,,,,,,,,,,
ALLDAY,5215,Lock Timings,,,,,,,,,,,,,,,,,,,,,,,,,,,,,
ALLDAY,5215,Referenced To,,,,,,,,,,,,,,,,,,,,,,,,,,,,,
ALLDAY,5215,Reference Phase,,,,,,,,,,,,,,,,,,,,,,,,,,,,,
ALLDAY,5215,Offset,,,,,,,,,,,,,,,,,,,,,,,,,,,,,
ALLDAY,5215,Master,,,,,,,,,,,,,,,,,,,,,,,,,,,,,
ALLDAY,5215,Node 0,,,,,,,,,,,,,,,,,,,,,,,,,,,,,
ALLDAY,5215,Node 1,,,,,,,,,,,,,,,,,,,,,,,,,,,,,
ALLDAY,5215,RingType,dual_ring,,,,,,,,,,,,,,,,,,,,,,,,,,,,
ALLDAY,5215,OptimizationMethod,yes,,,,,,,,,,,,,,,,,,,,,,,,,,,,
ALLDAY,5215,VolumeAdjustmentFactor,,,,,,,,,,,,,,,,,,,,,,,,,,,,,
ALLDAY,5215,MovementCodeVector,,,,,,,,,,,,,,,,,,,,,,,,,,,,,
ALLDAY,5215,MovementVector,,,,,,,,,,,,,,,,,,,,,,,,,,,,,
ALLDAY,5232,SplitInSeconds,,,,,,,,,,,,,,,,,,,,,,,,,,,,,
ALLDAY,5232,BRP,,,,,,,,,,,,,,,,,,,,,,,,,,,,,
ALLDAY,5232,MinGreen,,,,,,,,,,,,,,,,,,,,,,,,,,,,,
ALLDAY,5232,MaxGreen,,,,,,,,,,,,,,,,,,,,,,,,,,,,,
ALLDAY,5232,VehExt,,,,,,,,,,,,,,,,,,,,,,,,,,,,,
ALLDAY,5232,TimeBeforeReduce,,,,,,,,,,,,,,,,,,,,,,,,,,,,,
ALLDAY,5232,TimeToReduce,,,,,,,,,,,,,,,,,,,,,,,,,,,,,
ALLDAY,5232,MinGap,,,,,,,,,,,,,,,,,,,,,,,,,,,,,
ALLDAY,5232,Yellow,,,,,,,,,,,,,,,,,,,,,,,,,,,,,
ALLDAY,5232,AllRed,,,,,,,,,,,,,,,,,,,,,,,,,,,,,
ALLDAY,5232,Recall,,,,,,,,,,,,,,,,,,,,,,,,,,,,,
ALLDAY,5232,Walk,,,,,,,,,,,,,,,,,,,,,,,,,,,,,
ALLDAY,5232,DontWalk,,,,,,,,,,,,,,,,,,,,,,,,,,,,,
ALLDAY,5232,PedCalls,,,,,,,,,,,,,,,,,,,,,,,,,,,,,
ALLDAY,5232,MinSplit,,,,,,,,,,,,,,,,,,,,,,,,,,,,,
ALLDAY,5232,DualEntry,,,,,,,,,,,,,,,,,,,,,,,,,,,,,
ALLDAY,5232,InhibitMax,,,,,,,,,,,,,,,,,,,,,,,,,,,,,
ALLDAY,5232,Start,,,,,,,,,,,,,,,,,,,,,,,,,,,,,
ALLDAY,5232,End,,,,,,,,,,,,,,,,,,,,,,,,,,,,,
ALLDAY,5232,Yield,,,,,,,,,,,,,,,,,,,,,,,,,,,,,
ALLDAY,5232,Yield170,,,,,,,,,,,,,,,,,,,,,,,,,,,,,
ALLDAY,5232,LocalStart,,,,,,,,,,,,,,,,,,,,,,,,,,,,,
ALLDAY,5232,LocalYield,,,,,,,,,,,,,,,,,,,,,,,,,,,,,
ALLDAY,5232,LocalYield170,,,,,,,,,,,,,,,,,,,,,,,,,,,,,
ALLDAY,5232,ActGreen,,,,,,,,,,,,,,,,,,,,,,,,,,,,,
ALLDAY,5232,Control_Type,pretimed_signal,,,,,,,,,,,,,,,,,,,,,,,,,,,,
ALLDAY,5232,Cycle Length,,,,,,,,,,,,,,,,,,,,,,,,,,,,,
ALLDAY,5232,Lock Timings,,,,,,,,,,,,,,,,,,,,,,,,,,,,,
ALLDAY,5232,Referenced To,,,,,,,,,,,,,,,,,,,,,,,,,,,,,
ALLDAY,5232,Reference Phase,,,,,,,,,,,,,,,,,,,,,,,,,,,,,
ALLDAY,5232,Offset,,,,,,,,,,,,,,,,,,,,,,,,,,,,,
ALLDAY,5232,Master,,,,,,,,,,,,,,,,,,,,,,,,,,,,,
ALLDAY,5232,Node 0,,,,,,,,,,,,,,,,,,,,,,,,,,,,,
ALLDAY,5232,Node 1,,,,,,,,,,,,,,,,,,,,,,,,,,,,,
ALLDAY,5232,RingType,dual_ring,,,,,,,,,,,,,,,,,,,,,,,,,,,,
ALLDAY,5232,OptimizationMethod,yes,,,,,,,,,,,,,,,,,,,,,,,,,,,,
ALLDAY,5232,VolumeAdjustmentFactor,,,,,,,,,,,,,,,,,,,,,,,,,,,,,
ALLDAY,5232,MovementCodeVector,,,,,,,,,,,,,,,,,,,,,,,,,,,,,
ALLDAY,5232,MovementVector,,,,,,,,,,,,,,,,,,,,,,,,,,,,,
ALLDAY,5436,SplitInSeconds,,,,,,,,,,,,,,,,,,,,,,,,,,,,,
ALLDAY,5436,BRP,,,,,,,,,,,,,,,,,,,,,,,,,,,,,
ALLDAY,5436,MinGreen,,,,,,,,,,,,,,,,,,,,,,,,,,,,,
ALLDAY,5436,MaxGreen,,,,,,,,,,,,,,,,,,,,,,,,,,,,,
ALLDAY,5436,VehExt,,,,,,,,,,,,,,,,,,,,,,,,,,,,,
ALLDAY,5436,TimeBeforeReduce,,,,,,,,,,,,,,,,,,,,,,,,,,,,,
ALLDAY,5436,TimeToReduce,,,,,,,,,,,,,,,,,,,,,,,,,,,,,
ALLDAY,5436,MinGap,,,,,,,,,,,,,,,,,,,,,,,,,,,,,
ALLDAY,5436,Yellow,,,,,,,,,,,,,,,,,,,,,,,,,,,,,
ALLDAY,5436,AllRed,,,,,,,,,,,,,,,,,,,,,,,,,,,,,
ALLDAY,5436,Recall,,,,,,,,,,,,,,,,,,,,,,,,,,,,,
ALLDAY,5436,Walk,,,,,,,,,,,,,,,,,,,,,,,,,,,,,
ALLDAY,5436,DontWalk,,,,,,,,,,,,,,,,,,,,,,,,,,,,,
ALLDAY,5436,PedCalls,,,,,,,,,,,,,,,,,,,,,,,,,,,,,
ALLDAY,5436,MinSplit,,,,,,,,,,,,,,,,,,,,,,,,,,,,,
ALLDAY,5436,DualEntry,,,,,,,,,,,,,,,,,,,,,,,,,,,,,
ALLDAY,5436,InhibitMax,,,,,,,,,,,,,,,,,,,,,,,,,,,,,
ALLDAY,5436,Start,,0,0,0,0,0,0,0,0,,,,,,,,,,,,,,,,,,,,
ALLDAY,5436,End,,0,0,0,0,0,0,0,0,,,,,,,,,,,,,,,,,,,,
ALLDAY,5436,Yield,,,,,,,,,,,,,,,,,,,,,,,,,,,,,
ALLDAY,5436,Yield170,,,,,,,,,,,,,,,,,,,,,,,,,,,,,
ALLDAY,5436,LocalStart,,,,,,,,,,,,,,,,,,,,,,,,,,,,,
ALLDAY,5436,LocalYield,,,,,,,,,,,,,,,,,,,,,,,,,,,,,
ALLDAY,5436,LocalYield170,,,,,,,,,,,,,,,,,,,,,,,,,,,,,
ALLDAY,5436,ActGreen,,,,,,,,,,,,,,,,,,,,,,,,,,,,,
ALLDAY,5436,Control_Type,pretimed_signal,,,,,,,,,,,,,,,,,,,,,,,,,,,,
ALLDAY,5436,Cycle Length,0,,,,,,,,,,,,,,,,,,,,,,,,,,,,
ALLDAY,5436,Lock Timings,,,,,,,,,,,,,,,,,,,,,,,,,,,,,
ALLDAY,5436,Referenced To,,,,,,,,,,,,,,,,,,,,,,,,,,,,,
ALLDAY,5436,Reference Phase,,,,,,,,,,,,,,,,,,,,,,,,,,,,,
ALLDAY,5436,Offset,0,,,,,,,,,,,,,,,,,,,,,,,,,,,,
ALLDAY,5436,Master,,,,,,,,,,,,,,,,,,,,,,,,,,,,,
ALLDAY,5436,Node 0,,,,,,,,,,,,,,,,,,,,,,,,,,,,,
ALLDAY,5436,Node 1,,,,,,,,,,,,,,,,,,,,,,,,,,,,,
ALLDAY,5436,RingType,dual_ring,,,,,,,,,,,,,,,,,,,,,,,,,,,,
ALLDAY,5436,OptimizationMethod,yes,,,,,,,,,,,,,,,,,,,,,,,,,,,,
ALLDAY,5436,VolumeAdjustmentFactor,,,,,,,,,,,,,,,,,,,,,,,,,,,,,
ALLDAY,5436,MovementCodeVector,,,,,,,,,,,,,,,,,,,,,,,,,,,,,
ALLDAY,5436,MovementVector,,,,,,,,,,,,,,,,,,,,,,,,,,,,,
ALLDAY,5440,SplitInSeconds,,,,,,,,,,,,,,,,,,,,,,,,,,,,,
ALLDAY,5440,BRP,,,,,,,,,,,,,,,,,,,,,,,,,,,,,
ALLDAY,5440,MinGreen,,,,,,,,,,,,,,,,,,,,,,,,,,,,,
ALLDAY,5440,MaxGreen,,,,,,,,,,,,,,,,,,,,,,,,,,,,,
ALLDAY,5440,VehExt,,,,,,,,,,,,,,,,,,,,,,,,,,,,,
ALLDAY,5440,TimeBeforeReduce,,,,,,,,,,,,,,,,,,,,,,,,,,,,,
ALLDAY,5440,TimeToReduce,,,,,,,,,,,,,,,,,,,,,,,,,,,,,
ALLDAY,5440,MinGap,,,,,,,,,,,,,,,,,,,,,,,,,,,,,
ALLDAY,5440,Yellow,,,,,,,,,,,,,,,,,,,,,,,,,,,,,
ALLDAY,5440,AllRed,,,,,,,,,,,,,,,,,,,,,,,,,,,,,
ALLDAY,5440,Recall,,,,,,,,,,,,,,,,,,,,,,,,,,,,,
ALLDAY,5440,Walk,,,,,,,,,,,,,,,,,,,,,,,,,,,,,
ALLDAY,5440,DontWalk,,,,,,,,,,,,,,,,,,,,,,,,,,,,,
ALLDAY,5440,PedCalls,,,,,,,,,,,,,,,,,,,,,,,,,,,,,
ALLDAY,5440,MinSplit,,,,,,,,,,,,,,,,,,,,,,,,,,,,,
ALLDAY,5440,DualEntry,,,,,,,,,,,,,,,,,,,,,,,,,,,,,
ALLDAY,5440,InhibitMax,,,,,,,,,,,,,,,,,,,,,,,,,,,,,
ALLDAY,5440,Start,,,,,,,,,,,,,,,,,,,,,,,,,,,,,
ALLDAY,5440,End,,,,,,,,,,,,,,,,,,,,,,,,,,,,,
ALLDAY,5440,Yield,,,,,,,,,,,,,,,,,,,,,,,,,,,,,
ALLDAY,5440,Yield170,,,,,,,,,,,,,,,,,,,,,,,,,,,,,
ALLDAY,5440,LocalStart,,,,,,,,,,,,,,,,,,,,,,,,,,,,,
ALLDAY,5440,LocalYield,,,,,,,,,,,,,,,,,,,,,,,,,,,,,
ALLDAY,5440,LocalYield170,,,,,,,,,,,,,,,,,,,,,,,,,,,,,
ALLDAY,5440,ActGreen,,,,,,,,,,,,,,,,,,,,,,,,,,,,,
ALLDAY,5440,Control_Type,pretimed_signal,,,,,,,,,,,,,,,,,,,,,,,,,,,,
ALLDAY,5440,Cycle Length,,,,,,,,,,,,,,,,,,,,,,,,,,,,,
ALLDAY,5440,Lock Timings,,,,,,,,,,,,,,,,,,,,,,,,,,,,,
ALLDAY,5440,Referenced To,,,,,,,,,,,,,,,,,,,,,,,,,,,,,
ALLDAY,5440,Reference Phase,,,,,,,,,,,,,,,,,,,,,,,,,,,,,
ALLDAY,5440,Offset,,,,,,,,,,,,,,,,,,,,,,,,,,,,,
ALLDAY,5440,Master,,,,,,,,,,,,,,,,,,,,,,,,,,,,,
ALLDAY,5440,Node 0,,,,,,,,,,,,,,,,,,,,,,,,,,,,,
ALLDAY,5440,Node 1,,,,,,,,,,,,,,,,,,,,,,,,,,,,,
ALLDAY,5440,RingType,dual_ring,,,,,,,,,,,,,,,,,,,,,,,,,,,,
ALLDAY,5440,OptimizationMethod,yes,,,,,,,,,,,,,,,,,,,,,,,,,,,,
ALLDAY,5440,VolumeAdjustmentFactor,,,,,,,,,,,,,,,,,,,,,,,,,,,,,
ALLDAY,5440,MovementCodeVector,,,,,,,,,,,,,,,,,,,,,,,,,,,,,
ALLDAY,5440,MovementVector,,,,,,,,,,,,,,,,,,,,,,,,,,,,,
ALLDAY,5587,SplitInSeconds,,,,,,,,,,,,,,,,,,,,,,,,,,,,,
ALLDAY,5587,BRP,,,,,,,,,,,,,,,,,,,,,,,,,,,,,
ALLDAY,5587,MinGreen,,,,,,,,,,,,,,,,,,,,,,,,,,,,,
ALLDAY,5587,MaxGreen,,,,,,,,,,,,,,,,,,,,,,,,,,,,,
ALLDAY,5587,VehExt,,,,,,,,,,,,,,,,,,,,,,,,,,,,,
ALLDAY,5587,TimeBeforeReduce,,,,,,,,,,,,,,,,,,,,,,,,,,,,,
ALLDAY,5587,TimeToReduce,,,,,,,,,,,,,,,,,,,,,,,,,,,,,
ALLDAY,5587,MinGap,,,,,,,,,,,,,,,,,,,,,,,,,,,,,
ALLDAY,5587,Yellow,,,,,,,,,,,,,,,,,,,,,,,,,,,,,
ALLDAY,5587,AllRed,,,,,,,,,,,,,,,,,,,,,,,,,,,,,
ALLDAY,5587,Recall,,,,,,,,,,,,,,,,,,,,,,,,,,,,,
ALLDAY,5587,Walk,,,,,,,,,,,,,,,,,,,,,,,,,,,,,
ALLDAY,5587,DontWalk,,,,,,,,,,,,,,,,,,,,,,,,,,,,,
ALLDAY,5587,PedCalls,,,,,,,,,,,,,,,,,,,,,,,,,,,,,
ALLDAY,5587,MinSplit,,,,,,,,,,,,,,,,,,,,,,,,,,,,,
ALLDAY,5587,DualEntry,,,,,,,,,,,,,,,,,,,,,,,,,,,,,
ALLDAY,5587,InhibitMax,,,,,,,,,,,,,,,,,,,,,,,,,,,,,
ALLDAY,5587,Start,,,,,,,,,,,,,,,,,,,,,,,,,,,,,
ALLDAY,5587,End,,,,,,,,,,,,,,,,,,,,,,,,,,,,,
ALLDAY,5587,Yield,,,,,,,,,,,,,,,,,,,,,,,,,,,,,
ALLDAY,5587,Yield170,,,,,,,,,,,,,,,,,,,,,,,,,,,,,
ALLDAY,5587,LocalStart,,,,,,,,,,,,,,,,,,,,,,,,,,,,,
ALLDAY,5587,LocalYield,,,,,,,,,,,,,,,,,,,,,,,,,,,,,
ALLDAY,5587,LocalYield170,,,,,,,,,,,,,,,,,,,,,,,,,,,,,
ALLDAY,5587,ActGreen,,,,,,,,,,,,,,,,,,,,,,,,,,,,,
ALLDAY,5587,Control_Type,pretimed_signal,,,,,,,,,,,,,,,,,,,,,,,,,,,,
ALLDAY,5587,Cycle Length,,,,,,,,,,,,,,,,,,,,,,,,,,,,,
ALLDAY,5587,Lock Timings,,,,,,,,,,,,,,,,,,,,,,,,,,,,,
ALLDAY,5587,Referenced To,,,,,,,,,,,,,,,,,,,,,,,,,,,,,
ALLDAY,5587,Reference Phase,,,,,,,,,,,,,,,,,,,,,,,,,,,,,
ALLDAY,5587,Offset,,,,,,,,,,,,,,,,,,,,,,,,,,,,,
ALLDAY,5587,Master,,,,,,,,,,,,,,,,,,,,,,,,,,,,,
ALLDAY,5587,Node 0,,,,,,,,,,,,,,,,,,,,,,,,,,,,,
ALLDAY,5587,Node 1,,,,,,,,,,,,,,,,,,,,,,,,,,,,,
ALLDAY,5587,RingType,dual_ring,,,,,,,,,,,,,,,,,,,,,,,,,,,,
ALLDAY,5587,OptimizationMethod,yes,,,,,,,,,,,,,,,,,,,,,,,,,,,,
ALLDAY,5587,VolumeAdjustmentFactor,,,,,,,,,,,,,,,,,,,,,,,,,,,,,
ALLDAY,5587,MovementCodeVector,,,,,,,,,,,,,,,,,,,,,,,,,,,,,
ALLDAY,5587,MovementVector,,,,,,,,,,,,,,,,,,,,,,,,,,,,,
ALLDAY,5868,SplitInSeconds,,,,,,,,,,,,,,,,,,,,,,,,,,,,,
ALLDAY,5868,BRP,,,,,,,,,,,,,,,,,,,,,,,,,,,,,
ALLDAY,5868,MinGreen,,,,,,,,,,,,,,,,,,,,,,,,,,,,,
ALLDAY,5868,MaxGreen,,,,,,,,,,,,,,,,,,,,,,,,,,,,,
ALLDAY,5868,VehExt,,,,,,,,,,,,,,,,,,,,,,,,,,,,,
ALLDAY,5868,TimeBeforeReduce,,,,,,,,,,,,,,,,,,,,,,,,,,,,,
ALLDAY,5868,TimeToReduce,,,,,,,,,,,,,,,,,,,,,,,,,,,,,
ALLDAY,5868,MinGap,,,,,,,,,,,,,,,,,,,,,,,,,,,,,
ALLDAY,5868,Yellow,,,,,,,,,,,,,,,,,,,,,,,,,,,,,
ALLDAY,5868,AllRed,,,,,,,,,,,,,,,,,,,,,,,,,,,,,
ALLDAY,5868,Recall,,,,,,,,,,,,,,,,,,,,,,,,,,,,,
ALLDAY,5868,Walk,,,,,,,,,,,,,,,,,,,,,,,,,,,,,
ALLDAY,5868,DontWalk,,,,,,,,,,,,,,,,,,,,,,,,,,,,,
ALLDAY,5868,PedCalls,,,,,,,,,,,,,,,,,,,,,,,,,,,,,
ALLDAY,5868,MinSplit,,,,,,,,,,,,,,,,,,,,,,,,,,,,,
ALLDAY,5868,DualEntry,,,,,,,,,,,,,,,,,,,,,,,,,,,,,
ALLDAY,5868,InhibitMax,,,,,,,,,,,,,,,,,,,,,,,,,,,,,
ALLDAY,5868,Start,,,,,,,,,,,,,,,,,,,,,,,,,,,,,
ALLDAY,5868,End,,,,,,,,,,,,,,,,,,,,,,,,,,,,,
ALLDAY,5868,Yield,,,,,,,,,,,,,,,,,,,,,,,,,,,,,
ALLDAY,5868,Yield170,,,,,,,,,,,,,,,,,,,,,,,,,,,,,
ALLDAY,5868,LocalStart,,,,,,,,,,,,,,,,,,,,,,,,,,,,,
ALLDAY,5868,LocalYield,,,,,,,,,,,,,,,,,,,,,,,,,,,,,
ALLDAY,5868,LocalYield170,,,,,,,,,,,,,,,,,,,,,,,,,,,,,
ALLDAY,5868,ActGreen,,,,,,,,,,,,,,,,,,,,,,,,,,,,,
ALLDAY,5868,Control_Type,pretimed_signal,,,,,,,,,,,,,,,,,,,,,,,,,,,,
ALLDAY,5868,Cycle Length,,,,,,,,,,,,,,,,,,,,,,,,,,,,,
ALLDAY,5868,Lock Timings,,,,,,,,,,,,,,,,,,,,,,,,,,,,,
ALLDAY,5868,Referenced To,,,,,,,,,,,,,,,,,,,,,,,,,,,,,
ALLDAY,5868,Reference Phase,,,,,,,,,,,,,,,,,,,,,,,,,,,,,
ALLDAY,5868,Offset,,,,,,,,,,,,,,,,,,,,,,,,,,,,,
ALLDAY,5868,Master,,,,,,,,,,,,,,,,,,,,,,,,,,,,,
ALLDAY,5868,Node 0,,,,,,,,,,,,,,,,,,,,,,,,,,,,,
ALLDAY,5868,Node 1,,,,,,,,,,,,,,,,,,,,,,,,,,,,,
ALLDAY,5868,RingType,dual_ring,,,,,,,,,,,,,,,,,,,,,,,,,,,,
ALLDAY,5868,OptimizationMethod,yes,,,,,,,,,,,,,,,,,,,,,,,,,,,,
ALLDAY,5868,VolumeAdjustmentFactor,,,,,,,,,,,,,,,,,,,,,,,,,,,,,
ALLDAY,5868,MovementCodeVector,,,,,,,,,,,,,,,,,,,,,,,,,,,,,
ALLDAY,5868,MovementVector,,,,,,,,,,,,,,,,,,,,,,,,,,,,,
