RECORDNAME,INTID,NBL2,NBL,NBT,NBR,NBR2,SBL2,SBL,SBT,SBR,SBR2,EBL2,EBL,EBT,EBR,EBR2,WBL2,WBL,WBT,WBR,WBR2,NEL,NET,NER,NWL,NWT,NWR,SEL,SET,SER,SWL,SWT,SWR,PED,HOLD,
Up Node,1,,,,,,,,,,,,,,,,,,,,,,,,,,,,,,,,,,,
Dest Node,1,,,,,,,,,,,,,,,,,,,,,,,,,,,,,,,,,,,
StreetName,1,,,,,,,,,,,,,,,,,,,,,,,,,,,,,,,,,,,
TurnVolume,1,,,,,,,,,,,,,,,,,,,,,,,,,,,,,,,,,,,
Lanes,1,,,,,,,,,,,,,,,,,,,,,,,,,,,,,,,,,,,
Shared,1,,,,,,,,,,,,,,,,,,,,,,,,,,,,,,,,,,,
Width,1,,,,,,,,,,,,,,,,,,,,,,,,,,,,,,,,,,,
Storage,1,,,,,,,,,,,,,,,,,,,,,,,,,,,,,,,,,,,
StLanes,1,,,,,,,,,,,,,,,,,,,,,,,,,,,,,,,,,,,
Grade,1,,,,,,,,,,,,,,,,,,,,,,,,,,,,,,,,,,,
Speed,1,,,,,,,,,,,,,,,,,,,,,,,,,,,,,,,,,,,
Up Node,2,,,,,,,,,,,,,,,,,,,,,,,,,,,,,,,,,,,
Dest Node,2,,,,,,,,,,,,,,,,,,,,,,,,,,,,,,,,,,,
StreetName,2,,,,,,,,,,,,,,,,,,,,,,,,,,,,,,,,,,,
TurnVolume,2,,,,,,,,,,,,,,,,,,,,,,,,,,,,,,,,,,,
Lanes,2,,,,,,,,,,,,,,,,,,,,,,,,,,,,,,,,,,,
Shared,2,,,,,,,,,,,,,,,,,,,,,,,,,,,,,,,,,,,
Width,2,,,,,,,,,,,,,,,,,,,,,,,,,,,,,,,,,,,
Storage,2,,,,,,,,,,,,,,,,,,,,,,,,,,,,,,,,,,,
StLanes,2,,,,,,,,,,,,,,,,,,,,,,,,,,,,,,,,,,,
Grade,2,,,,,,,,,,,,,,,,,,,,,,,,,,,,,,,,,,,
Speed,2,,,,,,,,,,,,,,,,,,,,,,,,,,,,,,,,,,,
Up Node,3,,110,110,110,,,111,111,111,,,40,40,40,,,35,35,35,,,,,,,,,,,,,,,,
Dest Node,3,,40,111,35,,,35,110,40,,,111,35,110,,,110,40,111,,,,,,,,,,,,,,,,
StreetName,3,,Cent,Cent,,,,Cent,Cent,,,,Cent,Cent,,,,Cent,Cent,,,,,,,,,,,,,,,,,
TurnVolume,3,,0,0,0,,,0,0,0,,,0,0,0,,,0,0,0,,,,,,,,,,,,,,,,
Lanes,3,,7,7,0,,,7,7,0,,,7,7,0,,,7,7,0,,,,,,,,,,,,,,,,
Shared,3,,0,0,0,,,0,0,0,,,0,0,0,,,0,0,0,,,,,,,,,,,,,,,,
Width,3,,12,12,12,,,12,12,12,,,12,12,12,,,12,12,12,,,,,,,,,,,,,,,,
Storage,3,,0,0,0,,,0,0,0,,,0,0,0,,,0,0,0,,,,,,,,,,,,,,,,
StLanes,3,,0,0,0,,,0,0,0,,,0,0,0,,,0,0,0,,,,,,,,,,,,,,,,
Grade,3,,0,0,0,,,0,0,0,,,0,0,0,,,0,0,0,,,,,,,,,,,,,,,,
Speed,3,,21.1765,21.1765,21.1765,,,21.1765,21.1765,21.1765,,,21.1765,21.1765,21.1765,,,21.1765,21.1765,21.1765,,,,,,,,,,,,,,,,
Up Node,4,,,,,,,,,,,,,,,,,,,,,,,,,,,,,,,,,,,
Dest Node,4,,,,,,,,,,,,,,,,,,,,,,,,,,,,,,,,,,,
StreetName,4,,,,,,,,,,,,,,,,,,,,,,,,,,,,,,,,,,,
TurnVolume,4,,,,,,,,,,,,,,,,,,,,,,,,,,,,,,,,,,,
Lanes,4,,,,,,,,,,,,,,,,,,,,,,,,,,,,,,,,,,,
Shared,4,,,,,,,,,,,,,,,,,,,,,,,,,,,,,,,,,,,
Width,4,,,,,,,,,,,,,,,,,,,,,,,,,,,,,,,,,,,
Storage,4,,,,,,,,,,,,,,,,,,,,,,,,,,,,,,,,,,,
StLanes,4,,,,,,,,,,,,,,,,,,,,,,,,,,,,,,,,,,,
Grade,4,,,,,,,,,,,,,,,,,,,,,,,,,,,,,,,,,,,
Speed,4,,,,,,,,,,,,,,,,,,,,,,,,,,,,,,,,,,,
Up Node,5,,,,,,,,,,,,,,,,,,,,,,,,,,,,,,,,,,,
Dest Node,5,,,,,,,,,,,,,,,,,,,,,,,,,,,,,,,,,,,
StreetName,5,,,,,,,,,,,,,,,,,,,,,,,,,,,,,,,,,,,
TurnVolume,5,,,,,,,,,,,,,,,,,,,,,,,,,,,,,,,,,,,
Lanes,5,,,,,,,,,,,,,,,,,,,,,,,,,,,,,,,,,,,
Shared,5,,,,,,,,,,,,,,,,,,,,,,,,,,,,,,,,,,,
Width,5,,,,,,,,,,,,,,,,,,,,,,,,,,,,,,,,,,,
Storage,5,,,,,,,,,,,,,,,,,,,,,,,,,,,,,,,,,,,
StLanes,5,,,,,,,,,,,,,,,,,,,,,,,,,,,,,,,,,,,
Grade,5,,,,,,,,,,,,,,,,,,,,,,,,,,,,,,,,,,,
Speed,5,,,,,,,,,,,,,,,,,,,,,,,,,,,,,,,,,,,
Up Node,6,,,115,,,,,,,,,,,,,,,,,,,,,,,,,36,,,,,,,
Dest Node,6,,,36,,,,,,,,,,,,,,,,,,,,,,,,,115,,,,,,,
StreetName,6,,,Cent,,,,,,,,,,,,,,,,,,,,,,,,,Cent,,,,,,,
TurnVolume,6,,,0,,,,,,,,,,,,,,,,,,,,,,,,,0,,,,,,,
Lanes,6,,,7,,,,,,,,,,,,,,,,,,,,,,,,,7,,,,,,,
Shared,6,,,0,,,,,,,,,,,,,,,,,,,,,,,,,0,,,,,,,
Width,6,,,12,,,,,,,,,,,,,,,,,,,,,,,,,12,,,,,,,
Storage,6,,,0,,,,,,,,,,,,,,,,,,,,,,,,,0,,,,,,,
StLanes,6,,,0,,,,,,,,,,,,,,,,,,,,,,,,,0,,,,,,,
Grade,6,,,0,,,,,,,,,,,,,,,,,,,,,,,,,0,,,,,,,
Speed,6,,,21.1765,,,,,,,,,,,,,,,,,,,,,,,,,21.1765,,,,,,,
Up Node,7,,,,,,,,,,,,,,,,,,,,,,,,,,,,,,,,,,,
Dest Node,7,,,,,,,,,,,,,,,,,,,,,,,,,,,,,,,,,,,
StreetName,7,,,,,,,,,,,,,,,,,,,,,,,,,,,,,,,,,,,
TurnVolume,7,,,,,,,,,,,,,,,,,,,,,,,,,,,,,,,,,,,
Lanes,7,,,,,,,,,,,,,,,,,,,,,,,,,,,,,,,,,,,
Shared,7,,,,,,,,,,,,,,,,,,,,,,,,,,,,,,,,,,,
Width,7,,,,,,,,,,,,,,,,,,,,,,,,,,,,,,,,,,,
Storage,7,,,,,,,,,,,,,,,,,,,,,,,,,,,,,,,,,,,
StLanes,7,,,,,,,,,,,,,,,,,,,,,,,,,,,,,,,,,,,
Grade,7,,,,,,,,,,,,,,,,,,,,,,,,,,,,,,,,,,,
Speed,7,,,,,,,,,,,,,,,,,,,,,,,,,,,,,,,,,,,
Up Node,8,,,,,,,,,,,,,,,,,,,,,,,,,,,,,,,,,,,
Dest Node,8,,,,,,,,,,,,,,,,,,,,,,,,,,,,,,,,,,,
StreetName,8,,,,,,,,,,,,,,,,,,,,,,,,,,,,,,,,,,,
TurnVolume,8,,,,,,,,,,,,,,,,,,,,,,,,,,,,,,,,,,,
Lanes,8,,,,,,,,,,,,,,,,,,,,,,,,,,,,,,,,,,,
Shared,8,,,,,,,,,,,,,,,,,,,,,,,,,,,,,,,,,,,
Width,8,,,,,,,,,,,,,,,,,,,,,,,,,,,,,,,,,,,
Storage,8,,,,,,,,,,,,,,,,,,,,,,,,,,,,,,,,,,,
StLanes,8,,,,,,,,,,,,,,,,,,,,,,,,,,,,,,,,,,,
Grade,8,,,,,,,,,,,,,,,,,,,,,,,,,,,,,,,,,,,
Speed,8,,,,,,,,,,,,,,,,,,,,,,,,,,,,,,,,,,,
Up Node,9,,,,,,,,,,,,,,,,,,,,,,,,,,,,,,,,,,,
Dest Node,9,,,,,,,,,,,,,,,,,,,,,,,,,,,,,,,,,,,
StreetName,9,,,,,,,,,,,,,,,,,,,,,,,,,,,,,,,,,,,
TurnVolume,9,,,,,,,,,,,,,,,,,,,,,,,,,,,,,,,,,,,
Lanes,9,,,,,,,,,,,,,,,,,,,,,,,,,,,,,,,,,,,
Shared,9,,,,,,,,,,,,,,,,,,,,,,,,,,,,,,,,,,,
Width,9,,,,,,,,,,,,,,,,,,,,,,,,,,,,,,,,,,,
Storage,9,,,,,,,,,,,,,,,,,,,,,,,,,,,,,,,,,,,
StLanes,9,,,,,,,,,,,,,,,,,,,,,,,,,,,,,,,,,,,
Grade,9,,,,,,,,,,,,,,,,,,,,,,,,,,,,,,,,,,,
Speed,9,,,,,,,,,,,,,,,,,,,,,,,,,,,,,,,,,,,
Up Node,10,,,,,,,,,,,,,,,,,,,,,,,,,,,,,,,,,,,
Dest Node,10,,,,,,,,,,,,,,,,,,,,,,,,,,,,,,,,,,,
StreetName,10,,,,,,,,,,,,,,,,,,,,,,,,,,,,,,,,,,,
TurnVolume,10,,,,,,,,,,,,,,,,,,,,,,,,,,,,,,,,,,,
Lanes,10,,,,,,,,,,,,,,,,,,,,,,,,,,,,,,,,,,,
Shared,10,,,,,,,,,,,,,,,,,,,,,,,,,,,,,,,,,,,
Width,10,,,,,,,,,,,,,,,,,,,,,,,,,,,,,,,,,,,
Storage,10,,,,,,,,,,,,,,,,,,,,,,,,,,,,,,,,,,,
StLanes,10,,,,,,,,,,,,,,,,,,,,,,,,,,,,,,,,,,,
Grade,10,,,,,,,,,,,,,,,,,,,,,,,,,,,,,,,,,,,
Speed,10,,,,,,,,,,,,,,,,,,,,,,,,,,,,,,,,,,,
Up Node,11,,,,,,,,84,,,,,118,,,,,,,,,,,,,,,,,,,,,,
Dest Node,11,,,,,,,,118,,,,,84,,,,,,,,,,,,,,,,,,,,,,
StreetName,11,,,,,,,,Cent,,,,,Cent,,,,,,,,,,,,,,,,,,,,,,
TurnVolume,11,,,,,,,,0,,,,,0,,,,,,,,,,,,,,,,,,,,,,
Lanes,11,,,,,,,,7,,,,,7,,,,,,,,,,,,,,,,,,,,,,
Shared,11,,,,,,,,0,,,,,0,,,,,,,,,,,,,,,,,,,,,,
Width,11,,,,,,,,12,,,,,12,,,,,,,,,,,,,,,,,,,,,,
Storage,11,,,,,,,,0,,,,,0,,,,,,,,,,,,,,,,,,,,,,
StLanes,11,,,,,,,,0,,,,,0,,,,,,,,,,,,,,,,,,,,,,
Grade,11,,,,,,,,0,,,,,0,,,,,,,,,,,,,,,,,,,,,,
Speed,11,,,,,,,,21.1765,,,,,21.1765,,,,,,,,,,,,,,,,,,,,,,
Up Node,12,,,,77,,,,,,,,,,,,,123,,,,,,,,,,,,,,,,,,
Dest Node,12,,,,123,,,,,,,,,,,,,77,,,,,,,,,,,,,,,,,,
StreetName,12,,,,,,,,,,,,,,,,,Cent,,,,,,,,,,,,,,,,,,
TurnVolume,12,,,,0,,,,,,,,,,,,,0,,,,,,,,,,,,,,,,,,
Lanes,12,,,,0,,,,,,,,,,,,,7,,,,,,,,,,,,,,,,,,
Shared,12,,,,0,,,,,,,,,,,,,0,,,,,,,,,,,,,,,,,,
Width,12,,,,12,,,,,,,,,,,,,12,,,,,,,,,,,,,,,,,,
Storage,12,,,,0,,,,,,,,,,,,,0,,,,,,,,,,,,,,,,,,
StLanes,12,,,,0,,,,,,,,,,,,,0,,,,,,,,,,,,,,,,,,
Grade,12,,,,0,,,,,,,,,,,,,0,,,,,,,,,,,,,,,,,,
Speed,12,,,,21.1765,,,,,,,,,,,,,21.1765,,,,,,,,,,,,,,,,,,
Up Node,13,,,,,,,,,,,,,,,,,,,,,,,,,,,,,,,,,,,
Dest Node,13,,,,,,,,,,,,,,,,,,,,,,,,,,,,,,,,,,,
StreetName,13,,,,,,,,,,,,,,,,,,,,,,,,,,,,,,,,,,,
TurnVolume,13,,,,,,,,,,,,,,,,,,,,,,,,,,,,,,,,,,,
Lanes,13,,,,,,,,,,,,,,,,,,,,,,,,,,,,,,,,,,,
Shared,13,,,,,,,,,,,,,,,,,,,,,,,,,,,,,,,,,,,
Width,13,,,,,,,,,,,,,,,,,,,,,,,,,,,,,,,,,,,
Storage,13,,,,,,,,,,,,,,,,,,,,,,,,,,,,,,,,,,,
StLanes,13,,,,,,,,,,,,,,,,,,,,,,,,,,,,,,,,,,,
Grade,13,,,,,,,,,,,,,,,,,,,,,,,,,,,,,,,,,,,
Speed,13,,,,,,,,,,,,,,,,,,,,,,,,,,,,,,,,,,,
Up Node,14,,,,,,,,,,,,,,,,,,,,,,,,,,,,,,,,,,,
Dest Node,14,,,,,,,,,,,,,,,,,,,,,,,,,,,,,,,,,,,
StreetName,14,,,,,,,,,,,,,,,,,,,,,,,,,,,,,,,,,,,
TurnVolume,14,,,,,,,,,,,,,,,,,,,,,,,,,,,,,,,,,,,
Lanes,14,,,,,,,,,,,,,,,,,,,,,,,,,,,,,,,,,,,
Shared,14,,,,,,,,,,,,,,,,,,,,,,,,,,,,,,,,,,,
Width,14,,,,,,,,,,,,,,,,,,,,,,,,,,,,,,,,,,,
Storage,14,,,,,,,,,,,,,,,,,,,,,,,,,,,,,,,,,,,
StLanes,14,,,,,,,,,,,,,,,,,,,,,,,,,,,,,,,,,,,
Grade,14,,,,,,,,,,,,,,,,,,,,,,,,,,,,,,,,,,,
Speed,14,,,,,,,,,,,,,,,,,,,,,,,,,,,,,,,,,,,
Up Node,15,,,,,,,,,,,,,,,,,,,,,,,,,,,,,,,,,,,
Dest Node,15,,,,,,,,,,,,,,,,,,,,,,,,,,,,,,,,,,,
StreetName,15,,,,,,,,,,,,,,,,,,,,,,,,,,,,,,,,,,,
TurnVolume,15,,,,,,,,,,,,,,,,,,,,,,,,,,,,,,,,,,,
Lanes,15,,,,,,,,,,,,,,,,,,,,,,,,,,,,,,,,,,,
Shared,15,,,,,,,,,,,,,,,,,,,,,,,,,,,,,,,,,,,
Width,15,,,,,,,,,,,,,,,,,,,,,,,,,,,,,,,,,,,
Storage,15,,,,,,,,,,,,,,,,,,,,,,,,,,,,,,,,,,,
StLanes,15,,,,,,,,,,,,,,,,,,,,,,,,,,,,,,,,,,,
Grade,15,,,,,,,,,,,,,,,,,,,,,,,,,,,,,,,,,,,
Speed,15,,,,,,,,,,,,,,,,,,,,,,,,,,,,,,,,,,,
Up Node,16,,,,,,,,,,,,,,,,,,,,,,,,,,,,,,,,,,,
Dest Node,16,,,,,,,,,,,,,,,,,,,,,,,,,,,,,,,,,,,
StreetName,16,,,,,,,,,,,,,,,,,,,,,,,,,,,,,,,,,,,
TurnVolume,16,,,,,,,,,,,,,,,,,,,,,,,,,,,,,,,,,,,
Lanes,16,,,,,,,,,,,,,,,,,,,,,,,,,,,,,,,,,,,
Shared,16,,,,,,,,,,,,,,,,,,,,,,,,,,,,,,,,,,,
Width,16,,,,,,,,,,,,,,,,,,,,,,,,,,,,,,,,,,,
Storage,16,,,,,,,,,,,,,,,,,,,,,,,,,,,,,,,,,,,
StLanes,16,,,,,,,,,,,,,,,,,,,,,,,,,,,,,,,,,,,
Grade,16,,,,,,,,,,,,,,,,,,,,,,,,,,,,,,,,,,,
Speed,16,,,,,,,,,,,,,,,,,,,,,,,,,,,,,,,,,,,
Up Node,17,,127,,127,,,,,,,,,59,59,,,64,64,,,,,,,,,,,,,,,,,
Dest Node,17,,59,,64,,,,,,,,,64,127,,,127,59,,,,,,,,,,,,,,,,,
StreetName,17,,Cent,,,,,,,,,,,Cent,,,,Cent,Cent,,,,,,,,,,,,,,,,,
TurnVolume,17,,0,,0,,,,,,,,,0,0,,,0,0,,,,,,,,,,,,,,,,,
Lanes,17,,7,,0,,,,,,,,,7,0,,,7,7,,,,,,,,,,,,,,,,,
Shared,17,,0,,0,,,,,,,,,0,0,,,0,0,,,,,,,,,,,,,,,,,
Width,17,,12,,12,,,,,,,,,12,12,,,12,12,,,,,,,,,,,,,,,,,
Storage,17,,0,,0,,,,,,,,,0,0,,,0,0,,,,,,,,,,,,,,,,,
StLanes,17,,0,,0,,,,,,,,,0,0,,,0,0,,,,,,,,,,,,,,,,,
Grade,17,,0,,0,,,,,,,,,0,0,,,0,0,,,,,,,,,,,,,,,,,
Speed,17,,21.1765,,21.1765,,,,,,,,,21.1765,21.1765,,,21.1765,21.1765,,,,,,,,,,,,,,,,,
Up Node,18,,,,,,,,,,,,,,,,,,,,,,,,,,,,,,,,,,,
Dest Node,18,,,,,,,,,,,,,,,,,,,,,,,,,,,,,,,,,,,
StreetName,18,,,,,,,,,,,,,,,,,,,,,,,,,,,,,,,,,,,
TurnVolume,18,,,,,,,,,,,,,,,,,,,,,,,,,,,,,,,,,,,
Lanes,18,,,,,,,,,,,,,,,,,,,,,,,,,,,,,,,,,,,
Shared,18,,,,,,,,,,,,,,,,,,,,,,,,,,,,,,,,,,,
Width,18,,,,,,,,,,,,,,,,,,,,,,,,,,,,,,,,,,,
Storage,18,,,,,,,,,,,,,,,,,,,,,,,,,,,,,,,,,,,
StLanes,18,,,,,,,,,,,,,,,,,,,,,,,,,,,,,,,,,,,
Grade,18,,,,,,,,,,,,,,,,,,,,,,,,,,,,,,,,,,,
Speed,18,,,,,,,,,,,,,,,,,,,,,,,,,,,,,,,,,,,
Up Node,19,,134,134,134,,,,,,,,58,58,58,,,92,92,92,,,,,,,,,,,127,127,127,,,
Dest Node,19,,58,127,92,,,,,,,,127,92,134,,,134,58,127,,,,,,,,,,,92,134,58,,,
StreetName,19,,Cent,Cent,,,,,,,,,Cent,Cent,,,,Cent,Cent,,,,,,,,,,,,Cent,Cent,,,,
TurnVolume,19,,0,0,0,,,,,,,,0,0,0,,,0,0,0,,,,,,,,,,,0,0,0,,,
Lanes,19,,7,7,0,,,,,,,,7,7,0,,,7,7,0,,,,,,,,,,,7,7,0,,,
Shared,19,,0,0,0,,,,,,,,0,0,0,,,0,0,0,,,,,,,,,,,0,0,0,,,
Width,19,,12,12,12,,,,,,,,12,12,12,,,12,12,12,,,,,,,,,,,12,12,12,,,
Storage,19,,0,0,0,,,,,,,,0,0,0,,,0,0,0,,,,,,,,,,,0,0,0,,,
StLanes,19,,0,0,0,,,,,,,,0,0,0,,,0,0,0,,,,,,,,,,,0,0,0,,,
Grade,19,,0,0,0,,,,,,,,0,0,0,,,0,0,0,,,,,,,,,,,0,0,0,,,
Speed,19,,21.1765,21.1765,21.1765,,,,,,,,21.1765,21.1765,21.1765,,,21.1765,21.1765,21.1765,,,,,,,,,,,21.1765,21.1765,21.1765,,,
Up Node,20,,,,,,,77,,77,,,124,124,,,,,125,125,,,,,,,,,,,,,,,,
Dest Node,20,,,,,,,125,,124,,,77,125,,,,,124,77,,,,,,,,,,,,,,,,
StreetName,20,,,,,,,Cent,,,,,Cent,Cent,,,,,Cent,,,,,,,,,,,,,,,,,
TurnVolume,20,,,,,,,0,,0,,,0,0,,,,,0,0,,,,,,,,,,,,,,,,
Lanes,20,,,,,,,7,,0,,,7,7,,,,,7,0,,,,,,,,,,,,,,,,
Shared,20,,,,,,,0,,0,,,0,0,,,,,0,0,,,,,,,,,,,,,,,,
Width,20,,,,,,,12,,12,,,12,12,,,,,12,12,,,,,,,,,,,,,,,,
Storage,20,,,,,,,0,,0,,,0,0,,,,,0,0,,,,,,,,,,,,,,,,
StLanes,20,,,,,,,0,,0,,,0,0,,,,,0,0,,,,,,,,,,,,,,,,
Grade,20,,,,,,,0,,0,,,0,0,,,,,0,0,,,,,,,,,,,,,,,,
Speed,20,,,,,,,21.1765,,21.1765,,,21.1765,21.1765,,,,,21.1765,21.1765,,,,,,,,,,,,,,,,
Up Node,21,,,,,,,,,78,,,125,,,,,,,,,,,,,,,,,,,,,,,
Dest Node,21,,,,,,,,,125,,,78,,,,,,,,,,,,,,,,,,,,,,,
StreetName,21,,,,,,,,,,,,Cent,,,,,,,,,,,,,,,,,,,,,,,
TurnVolume,21,,,,,,,,,0,,,0,,,,,,,,,,,,,,,,,,,,,,,
Lanes,21,,,,,,,,,0,,,7,,,,,,,,,,,,,,,,,,,,,,,
Shared,21,,,,,,,,,0,,,0,,,,,,,,,,,,,,,,,,,,,,,
Width,21,,,,,,,,,12,,,12,,,,,,,,,,,,,,,,,,,,,,,
Storage,21,,,,,,,,,0,,,0,,,,,,,,,,,,,,,,,,,,,,,
StLanes,21,,,,,,,,,0,,,0,,,,,,,,,,,,,,,,,,,,,,,
Grade,21,,,,,,,,,0,,,0,,,,,,,,,,,,,,,,,,,,,,,
Speed,21,,,,,,,,,16.2162,,,16.2162,,,,,,,,,,,,,,,,,,,,,,,
Up Node,22,,129,,,,,,,,,,,,64,,,,,,,,,,,,,,,,,,,,,
Dest Node,22,,64,,,,,,,,,,,,129,,,,,,,,,,,,,,,,,,,,,
StreetName,22,,Cent,,,,,,,,,,,,,,,,,,,,,,,,,,,,,,,,,
TurnVolume,22,,0,,,,,,,,,,,,0,,,,,,,,,,,,,,,,,,,,,
Lanes,22,,7,,,,,,,,,,,,0,,,,,,,,,,,,,,,,,,,,,
Shared,22,,0,,,,,,,,,,,,0,,,,,,,,,,,,,,,,,,,,,
Width,22,,12,,,,,,,,,,,,12,,,,,,,,,,,,,,,,,,,,,
Storage,22,,0,,,,,,,,,,,,0,,,,,,,,,,,,,,,,,,,,,
StLanes,22,,0,,,,,,,,,,,,0,,,,,,,,,,,,,,,,,,,,,
Grade,22,,0,,,,,,,,,,,,0,,,,,,,,,,,,,,,,,,,,,
Speed,22,,21.1765,,,,,,,,,,,,21.1765,,,,,,,,,,,,,,,,,,,,,
Up Node,23,,,,,,,129,129,129,,,92,92,92,,,91,91,91,,133,133,133,,,,,,,,,,,,
Dest Node,23,,,,,,,91,133,92,,,129,91,133,,,133,92,129,,92,129,91,,,,,,,,,,,,
StreetName,23,,,,,,,Cent,Cent,,,,Cent,Cent,,,,Cent,Cent,,,Cent,Cent,,,,,,,,,,,,,
TurnVolume,23,,,,,,,0,0,0,,,0,0,0,,,0,0,0,,0,0,0,,,,,,,,,,,,
Lanes,23,,,,,,,7,7,0,,,7,7,0,,,7,7,0,,7,7,0,,,,,,,,,,,,
Shared,23,,,,,,,0,0,0,,,0,0,0,,,0,0,0,,0,0,0,,,,,,,,,,,,
Width,23,,,,,,,12,12,12,,,12,12,12,,,12,12,12,,12,12,12,,,,,,,,,,,,
Storage,23,,,,,,,0,0,0,,,0,0,0,,,0,0,0,,0,0,0,,,,,,,,,,,,
StLanes,23,,,,,,,0,0,0,,,0,0,0,,,0,0,0,,0,0,0,,,,,,,,,,,,
Grade,23,,,,,,,0,0,0,,,0,0,0,,,0,0,0,,0,0,0,,,,,,,,,,,,
Speed,23,,,,,,,21.1765,21.1765,21.1765,,,21.1765,21.1765,21.1765,,,21.1765,21.1765,21.1765,,21.1765,21.1765,21.1765,,,,,,,,,,,,
Up Node,24,,55,55,,,,,,,,,91,,91,,,,,,,,,,,,,,76,76,,,,,,
Dest Node,24,,91,76,,,,,,,,,76,,55,,,,,,,,,,,,,,55,91,,,,,,
StreetName,24,,Cent,Cent,,,,,,,,,Cent,,,,,,,,,,,,,,,,Cent,,,,,,,
TurnVolume,24,,0,0,,,,,,,,,0,,0,,,,,,,,,,,,,,0,0,,,,,,
Lanes,24,,7,7,,,,,,,,,7,,0,,,,,,,,,,,,,,7,0,,,,,,
Shared,24,,0,0,,,,,,,,,0,,0,,,,,,,,,,,,,,0,0,,,,,,
Width,24,,12,12,,,,,,,,,12,,12,,,,,,,,,,,,,,12,12,,,,,,
Storage,24,,0,0,,,,,,,,,0,,0,,,,,,,,,,,,,,0,0,,,,,,
StLanes,24,,0,0,,,,,,,,,0,,0,,,,,,,,,,,,,,0,0,,,,,,
Grade,24,,0,0,,,,,,,,,0,,0,,,,,,,,,,,,,,0,0,,,,,,
Speed,24,,21.1765,21.1765,,,,,,,,,21.1765,,21.1765,,,,,,,,,,,,,,21.1765,21.1765,,,,,,
Up Node,25,,,,,,,,,,,,,,,,,,,,,,,,,,,,,,,,,,,
Dest Node,25,,,,,,,,,,,,,,,,,,,,,,,,,,,,,,,,,,,
StreetName,25,,,,,,,,,,,,,,,,,,,,,,,,,,,,,,,,,,,
TurnVolume,25,,,,,,,,,,,,,,,,,,,,,,,,,,,,,,,,,,,
Lanes,25,,,,,,,,,,,,,,,,,,,,,,,,,,,,,,,,,,,
Shared,25,,,,,,,,,,,,,,,,,,,,,,,,,,,,,,,,,,,
Width,25,,,,,,,,,,,,,,,,,,,,,,,,,,,,,,,,,,,
Storage,25,,,,,,,,,,,,,,,,,,,,,,,,,,,,,,,,,,,
StLanes,25,,,,,,,,,,,,,,,,,,,,,,,,,,,,,,,,,,,
Grade,25,,,,,,,,,,,,,,,,,,,,,,,,,,,,,,,,,,,
Speed,25,,,,,,,,,,,,,,,,,,,,,,,,,,,,,,,,,,,
Up Node,26,,,,,,,,,,,,,,,,,,,,,,,,,,,,,,,,,,,
Dest Node,26,,,,,,,,,,,,,,,,,,,,,,,,,,,,,,,,,,,
StreetName,26,,,,,,,,,,,,,,,,,,,,,,,,,,,,,,,,,,,
TurnVolume,26,,,,,,,,,,,,,,,,,,,,,,,,,,,,,,,,,,,
Lanes,26,,,,,,,,,,,,,,,,,,,,,,,,,,,,,,,,,,,
Shared,26,,,,,,,,,,,,,,,,,,,,,,,,,,,,,,,,,,,
Width,26,,,,,,,,,,,,,,,,,,,,,,,,,,,,,,,,,,,
Storage,26,,,,,,,,,,,,,,,,,,,,,,,,,,,,,,,,,,,
StLanes,26,,,,,,,,,,,,,,,,,,,,,,,,,,,,,,,,,,,
Grade,26,,,,,,,,,,,,,,,,,,,,,,,,,,,,,,,,,,,
Speed,26,,,,,,,,,,,,,,,,,,,,,,,,,,,,,,,,,,,
Up Node,27,,137,,,,,,,,,,,,102,,,,,,,,,,,,,,,,,,,,,
Dest Node,27,,102,,,,,,,,,,,,137,,,,,,,,,,,,,,,,,,,,,
StreetName,27,,Cent,,,,,,,,,,,,,,,,,,,,,,,,,,,,,,,,,
TurnVolume,27,,0,,,,,,,,,,,,0,,,,,,,,,,,,,,,,,,,,,
Lanes,27,,7,,,,,,,,,,,,0,,,,,,,,,,,,,,,,,,,,,
Shared,27,,0,,,,,,,,,,,,0,,,,,,,,,,,,,,,,,,,,,
Width,27,,12,,,,,,,,,,,,12,,,,,,,,,,,,,,,,,,,,,
Storage,27,,0,,,,,,,,,,,,0,,,,,,,,,,,,,,,,,,,,,
StLanes,27,,0,,,,,,,,,,,,0,,,,,,,,,,,,,,,,,,,,,
Grade,27,,0,,,,,,,,,,,,0,,,,,,,,,,,,,,,,,,,,,
Speed,27,,16.2162,,,,,,,,,,,,16.2162,,,,,,,,,,,,,,,,,,,,,
Up Node,28,,,,,,,,,,,,,,,,,,,,,,,,,,,,,,,,,,,
Dest Node,28,,,,,,,,,,,,,,,,,,,,,,,,,,,,,,,,,,,
StreetName,28,,,,,,,,,,,,,,,,,,,,,,,,,,,,,,,,,,,
TurnVolume,28,,,,,,,,,,,,,,,,,,,,,,,,,,,,,,,,,,,
Lanes,28,,,,,,,,,,,,,,,,,,,,,,,,,,,,,,,,,,,
Shared,28,,,,,,,,,,,,,,,,,,,,,,,,,,,,,,,,,,,
Width,28,,,,,,,,,,,,,,,,,,,,,,,,,,,,,,,,,,,
Storage,28,,,,,,,,,,,,,,,,,,,,,,,,,,,,,,,,,,,
StLanes,28,,,,,,,,,,,,,,,,,,,,,,,,,,,,,,,,,,,
Grade,28,,,,,,,,,,,,,,,,,,,,,,,,,,,,,,,,,,,
Speed,28,,,,,,,,,,,,,,,,,,,,,,,,,,,,,,,,,,,
Up Node,29,,,,,,,,,,,,,,,,,,,,,,,,,,,,,,,,,,,
Dest Node,29,,,,,,,,,,,,,,,,,,,,,,,,,,,,,,,,,,,
StreetName,29,,,,,,,,,,,,,,,,,,,,,,,,,,,,,,,,,,,
TurnVolume,29,,,,,,,,,,,,,,,,,,,,,,,,,,,,,,,,,,,
Lanes,29,,,,,,,,,,,,,,,,,,,,,,,,,,,,,,,,,,,
Shared,29,,,,,,,,,,,,,,,,,,,,,,,,,,,,,,,,,,,
Width,29,,,,,,,,,,,,,,,,,,,,,,,,,,,,,,,,,,,
Storage,29,,,,,,,,,,,,,,,,,,,,,,,,,,,,,,,,,,,
StLanes,29,,,,,,,,,,,,,,,,,,,,,,,,,,,,,,,,,,,
Grade,29,,,,,,,,,,,,,,,,,,,,,,,,,,,,,,,,,,,
Speed,29,,,,,,,,,,,,,,,,,,,,,,,,,,,,,,,,,,,
Up Node,30,,,,,,,,,,,,,,,,,,,,,,,,,,,,,,,,,,,
Dest Node,30,,,,,,,,,,,,,,,,,,,,,,,,,,,,,,,,,,,
StreetName,30,,,,,,,,,,,,,,,,,,,,,,,,,,,,,,,,,,,
TurnVolume,30,,,,,,,,,,,,,,,,,,,,,,,,,,,,,,,,,,,
Lanes,30,,,,,,,,,,,,,,,,,,,,,,,,,,,,,,,,,,,
Shared,30,,,,,,,,,,,,,,,,,,,,,,,,,,,,,,,,,,,
Width,30,,,,,,,,,,,,,,,,,,,,,,,,,,,,,,,,,,,
Storage,30,,,,,,,,,,,,,,,,,,,,,,,,,,,,,,,,,,,
StLanes,30,,,,,,,,,,,,,,,,,,,,,,,,,,,,,,,,,,,
Grade,30,,,,,,,,,,,,,,,,,,,,,,,,,,,,,,,,,,,
Speed,30,,,,,,,,,,,,,,,,,,,,,,,,,,,,,,,,,,,
Up Node,31,,,,,,,,,,,,,,,,,,,,,,,,,,,,,,,,,,,
Dest Node,31,,,,,,,,,,,,,,,,,,,,,,,,,,,,,,,,,,,
StreetName,31,,,,,,,,,,,,,,,,,,,,,,,,,,,,,,,,,,,
TurnVolume,31,,,,,,,,,,,,,,,,,,,,,,,,,,,,,,,,,,,
Lanes,31,,,,,,,,,,,,,,,,,,,,,,,,,,,,,,,,,,,
Shared,31,,,,,,,,,,,,,,,,,,,,,,,,,,,,,,,,,,,
Width,31,,,,,,,,,,,,,,,,,,,,,,,,,,,,,,,,,,,
Storage,31,,,,,,,,,,,,,,,,,,,,,,,,,,,,,,,,,,,
StLanes,31,,,,,,,,,,,,,,,,,,,,,,,,,,,,,,,,,,,
Grade,31,,,,,,,,,,,,,,,,,,,,,,,,,,,,,,,,,,,
Speed,31,,,,,,,,,,,,,,,,,,,,,,,,,,,,,,,,,,,
Up Node,32,,101,,,,,,,,,,,,102,,,,,,,,,,,,,,,,,,,,,
Dest Node,32,,102,,,,,,,,,,,,101,,,,,,,,,,,,,,,,,,,,,
StreetName,32,,500 West,,,,,,,,,,,,,,,,,,,,,,,,,,,,,,,,,
TurnVolume,32,,0,,,,,,,,,,,,0,,,,,,,,,,,,,,,,,,,,,
Lanes,32,,1,,,,,,,,,,,,0,,,,,,,,,,,,,,,,,,,,,
Shared,32,,0,,,,,,,,,,,,0,,,,,,,,,,,,,,,,,,,,,
Width,32,,12,,,,,,,,,,,,12,,,,,,,,,,,,,,,,,,,,,
Storage,32,,0,,,,,,,,,,,,0,,,,,,,,,,,,,,,,,,,,,
StLanes,32,,0,,,,,,,,,,,,0,,,,,,,,,,,,,,,,,,,,,
Grade,32,,0,,,,,,,,,,,,0,,,,,,,,,,,,,,,,,,,,,
Speed,32,,24.6781,,,,,,,,,,,,24.6781,,,,,,,,,,,,,,,,,,,,,
Up Node,33,,,47,,,,,48,,,,,,,,,,,,,,,,,,,,,,,,,,,
Dest Node,33,,,48,,,,,47,,,,,,,,,,,,,,,,,,,,,,,,,,,
StreetName,33,,,700 West,,,,,700 West,,,,,,,,,,,,,,,,,,,,,,,,,,,
TurnVolume,33,,,0,,,,,0,,,,,,,,,,,,,,,,,,,,,,,,,,,
Lanes,33,,,1,,,,,1,,,,,,,,,,,,,,,,,,,,,,,,,,,
Shared,33,,,0,,,,,0,,,,,,,,,,,,,,,,,,,,,,,,,,,
Width,33,,,12,,,,,12,,,,,,,,,,,,,,,,,,,,,,,,,,,
Storage,33,,,0,,,,,0,,,,,,,,,,,,,,,,,,,,,,,,,,,
StLanes,33,,,0,,,,,0,,,,,,,,,,,,,,,,,,,,,,,,,,,
Grade,33,,,0,,,,,0,,,,,,,,,,,,,,,,,,,,,,,,,,,
Speed,33,,,29.3232,,,,,29.3232,,,,,,,,,,,,,,,,,,,,,,,,,,,
Up Node,34,,,,,,,,,,,,,,,,,,,,,,,,,,,,,,,,,,,
Dest Node,34,,,,,,,,,,,,,,,,,,,,,,,,,,,,,,,,,,,
StreetName,34,,,,,,,,,,,,,,,,,,,,,,,,,,,,,,,,,,,
TurnVolume,34,,,,,,,,,,,,,,,,,,,,,,,,,,,,,,,,,,,
Lanes,34,,,,,,,,,,,,,,,,,,,,,,,,,,,,,,,,,,,
Shared,34,,,,,,,,,,,,,,,,,,,,,,,,,,,,,,,,,,,
Width,34,,,,,,,,,,,,,,,,,,,,,,,,,,,,,,,,,,,
Storage,34,,,,,,,,,,,,,,,,,,,,,,,,,,,,,,,,,,,
StLanes,34,,,,,,,,,,,,,,,,,,,,,,,,,,,,,,,,,,,
Grade,34,,,,,,,,,,,,,,,,,,,,,,,,,,,,,,,,,,,
Speed,34,,,,,,,,,,,,,,,,,,,,,,,,,,,,,,,,,,,
Up Node,35,,41,41,41,,,70,70,70,,,3,3,3,,,4,4,4,,,,,,,,,,,,,,,,
Dest Node,35,,3,70,4,,,4,41,3,,,70,4,41,,,41,3,70,,,,,,,,,,,,,,,,
StreetName,35,,1300 West,1300 West,,,,1300 West,1300 West,,,,Cent,Cent,,,,Cent,Cent,,,,,,,,,,,,,,,,,
TurnVolume,35,,0,0,0,,,0,0,0,,,0,0,0,,,0,0,0,,,,,,,,,,,,,,,,
Lanes,35,,1,1,0,,,1,1,0,,,7,7,0,,,7,7,0,,,,,,,,,,,,,,,,
Shared,35,,0,0,0,,,0,0,0,,,0,0,0,,,0,0,0,,,,,,,,,,,,,,,,
Width,35,,12,12,12,,,12,12,12,,,12,12,12,,,12,12,12,,,,,,,,,,,,,,,,
Storage,35,,0,0,0,,,0,0,0,,,0,0,0,,,0,0,0,,,,,,,,,,,,,,,,
StLanes,35,,0,0,0,,,0,0,0,,,0,0,0,,,0,0,0,,,,,,,,,,,,,,,,
Grade,35,,0,0,0,,,0,0,0,,,0,0,0,,,0,0,0,,,,,,,,,,,,,,,,
Speed,35,,32.2555,32.2555,32.2555,,,32.2555,32.2555,32.2555,,,21.1765,21.1765,21.1765,,,21.1765,21.1765,21.1765,,,,,,,,,,,,,,,,
Up Node,36,,,38,38,,,,43,,,,,,,,,,,,,,,,6,6,,,,,,,,,,
Dest Node,36,,,43,6,,,,38,,,,,,,,,,,,,,,,38,43,,,,,,,,,,
StreetName,36,,,700 West,,,,,700 West,,,,,,,,,,,,,,,,Cent,Cent,,,,,,,,,,
TurnVolume,36,,,0,0,,,,0,,,,,,,,,,,,,,,,0,0,,,,,,,,,,
Lanes,36,,,2,0,,,,2,,,,,,,,,,,,,,,,7,7,,,,,,,,,,
Shared,36,,,0,0,,,,0,,,,,,,,,,,,,,,,0,0,,,,,,,,,,
Width,36,,,12,12,,,,12,,,,,,,,,,,,,,,,12,12,,,,,,,,,,
Storage,36,,,0,0,,,,0,,,,,,,,,,,,,,,,0,0,,,,,,,,,,
StLanes,36,,,0,0,,,,0,,,,,,,,,,,,,,,,0,0,,,,,,,,,,
Grade,36,,,0,0,,,,0,,,,,,,,,,,,,,,,0,0,,,,,,,,,,
Speed,36,,,36.3636,36.3636,,,,36.3636,,,,,,,,,,,,,,,,21.1765,21.1765,,,,,,,,,,
Up Node,37,,,,,,,67,,67,,,86,86,,,,,42,42,,,,,,,,,,,,,,,,
Dest Node,37,,,,,,,42,,86,,,67,42,,,,,86,67,,,,,,,,,,,,,,,,
StreetName,37,,,,,,,Holden St,,,,,7800 Sout,7800 Sout,,,,,Center St,,,,,,,,,,,,,,,,,
TurnVolume,37,,,,,,,0,,0,,,0,0,,,,,0,0,,,,,,,,,,,,,,,,
Lanes,37,,,,,,,2,,0,,,2,2,,,,,2,0,,,,,,,,,,,,,,,,
Shared,37,,,,,,,0,,0,,,0,0,,,,,0,0,,,,,,,,,,,,,,,,
Width,37,,,,,,,12,,12,,,12,12,,,,,12,12,,,,,,,,,,,,,,,,
Storage,37,,,,,,,0,,0,,,0,0,,,,,0,0,,,,,,,,,,,,,,,,
StLanes,37,,,,,,,0,,0,,,0,0,,,,,0,0,,,,,,,,,,,,,,,,
Grade,37,,,,,,,0,,0,,,0,0,,,,,0,0,,,,,,,,,,,,,,,,
Speed,37,,,,,,,36.3636,,36.3636,,,36.3636,36.3636,,,,,36.3636,36.3636,,,,,,,,,,,,,,,,
Up Node,38,,42,42,,,,,36,,,,,,,,,,,,,,67,67,,,,,,,,,,,,
Dest Node,38,,67,36,,,,,67,,,,,,,,,,,,,,36,42,,,,,,,,,,,,
StreetName,38,,700 West,700 West,,,,,700 West,,,,,,,,,,,,,,Holden St,,,,,,,,,,,,,
TurnVolume,38,,0,0,,,,,0,,,,,,,,,,,,,,0,0,,,,,,,,,,,,
Lanes,38,,1,1,,,,,2,,,,,,,,,,,,,,2,0,,,,,,,,,,,,
Shared,38,,0,0,,,,,0,,,,,,,,,,,,,,0,0,,,,,,,,,,,,
Width,38,,12,12,,,,,12,,,,,,,,,,,,,,12,12,,,,,,,,,,,,
Storage,38,,0,0,,,,,0,,,,,,,,,,,,,,0,0,,,,,,,,,,,,
StLanes,38,,0,0,,,,,0,,,,,,,,,,,,,,0,0,,,,,,,,,,,,
Grade,38,,0,0,,,,,0,,,,,,,,,,,,,,0,0,,,,,,,,,,,,
Speed,38,,35.3636,35.3636,,,,,36.3636,,,,,,,,,,,,,,36.3636,36.3636,,,,,,,,,,,,
Up Node,39,,116,116,116,,,40,40,40,,,109,109,109,,,110,110,110,,,,,,,,,,,,,,,,
Dest Node,39,,109,40,110,,,110,116,109,,,40,110,116,,,116,109,40,,,,,,,,,,,,,,,,
StreetName,39,,Redwood R,Redwood R,,,,Redwood R,Redwood R,,,,7800 Sout,7800 Sout,,,,7800 Sout,7800 Sout,,,,,,,,,,,,,,,,,
TurnVolume,39,,0,0,0,,,0,0,0,,,0,0,0,,,0,0,0,,,,,,,,,,,,,,,,
Lanes,39,,3,3,0,,,3,3,0,,,2,2,0,,,2,2,0,,,,,,,,,,,,,,,,
Shared,39,,0,0,0,,,0,0,0,,,0,0,0,,,0,0,0,,,,,,,,,,,,,,,,
Width,39,,12,12,12,,,12,12,12,,,12,12,12,,,12,12,12,,,,,,,,,,,,,,,,
Storage,39,,0,0,0,,,0,0,0,,,0,0,0,,,0,0,0,,,,,,,,,,,,,,,,
StLanes,39,,0,0,0,,,0,0,0,,,0,0,0,,,0,0,0,,,,,,,,,,,,,,,,
Grade,39,,0,0,0,,,0,0,0,,,0,0,0,,,0,0,0,,,,,,,,,,,,,,,,
Speed,39,,43.5165,43.5165,43.5165,,,43.5165,43.5165,43.5165,,,36.3636,36.3636,36.3636,,,36.3636,36.3636,36.3636,,,,,,,,,,,,,,,,
Up Node,40,,39,39,39,,,69,69,69,,,1,1,1,,,3,3,3,,,,,,,,,,,,,,,,
Dest Node,40,,1,69,3,,,3,39,1,,,69,3,39,,,39,1,69,,,,,,,,,,,,,,,,
StreetName,40,,Redwood R,Redwood R,,,,Redwood R,Redwood R,,,,Cent,Cent,,,,Cent,Cent,,,,,,,,,,,,,,,,,
TurnVolume,40,,0,0,0,,,0,0,0,,,0,0,0,,,0,0,0,,,,,,,,,,,,,,,,
Lanes,40,,3,3,0,,,3,3,0,,,7,7,0,,,7,7,0,,,,,,,,,,,,,,,,
Shared,40,,0,0,0,,,0,0,0,,,0,0,0,,,0,0,0,,,,,,,,,,,,,,,,
Width,40,,12,12,12,,,12,12,12,,,12,12,12,,,12,12,12,,,,,,,,,,,,,,,,
Storage,40,,0,0,0,,,0,0,0,,,0,0,0,,,0,0,0,,,,,,,,,,,,,,,,
StLanes,40,,0,0,0,,,0,0,0,,,0,0,0,,,0,0,0,,,,,,,,,,,,,,,,
Grade,40,,0,0,0,,,0,0,0,,,0,0,0,,,0,0,0,,,,,,,,,,,,,,,,
Speed,40,,43.5165,43.5165,43.5165,,,43.5165,43.5165,43.5165,,,21.1765,21.1765,21.1765,,,21.1765,21.1765,21.1765,,,,,,,,,,,,,,,,
Up Node,41,,117,117,117,,,35,35,35,,,110,110,110,,,72,72,72,,,,,,,,,,,,,,,,
Dest Node,41,,110,35,72,,,72,117,110,,,35,72,117,,,117,110,35,,,,,,,,,,,,,,,,
StreetName,41,,1300 West,1300 West,,,,1300 West,1300 West,,,,7800 Sout,7800 Sout,,,,7800 Sout,7800 Sout,,,,,,,,,,,,,,,,,
TurnVolume,41,,0,0,0,,,0,0,0,,,0,0,0,,,0,0,0,,,,,,,,,,,,,,,,
Lanes,41,,1,1,0,,,1,1,0,,,2,2,0,,,2,2,0,,,,,,,,,,,,,,,,
Shared,41,,0,0,0,,,0,0,0,,,0,0,0,,,0,0,0,,,,,,,,,,,,,,,,
Width,41,,12,12,12,,,12,12,12,,,12,12,12,,,12,12,12,,,,,,,,,,,,,,,,
Storage,41,,0,0,0,,,0,0,0,,,0,0,0,,,0,0,0,,,,,,,,,,,,,,,,
StLanes,41,,0,0,0,,,0,0,0,,,0,0,0,,,0,0,0,,,,,,,,,,,,,,,,
Grade,41,,0,0,0,,,0,0,0,,,0,0,0,,,0,0,0,,,,,,,,,,,,,,,,
Speed,41,,32.2555,32.2555,32.2555,,,32.2555,32.2555,32.2555,,,36.3636,36.3636,36.3636,,,36.3636,36.3636,36.3636,,,,,,,,,,,,,,,,
Up Node,42,,119,119,119,,,38,38,38,,,37,37,37,,,115,115,115,,,,,,,,,,,,,,,,
Dest Node,42,,37,38,115,,,115,119,37,,,38,115,119,,,119,37,38,,,,,,,,,,,,,,,,
StreetName,42,,700 West,700 West,,,,700 West,700 West,,,,Center St,Center St,,,,Center St,Center St,,,,,,,,,,,,,,,,,
TurnVolume,42,,0,0,0,,,0,0,0,,,0,0,0,,,0,0,0,,,,,,,,,,,,,,,,
Lanes,42,,1,1,0,,,1,1,0,,,2,2,0,,,2,2,0,,,,,,,,,,,,,,,,
Shared,42,,0,0,0,,,0,0,0,,,0,0,0,,,0,0,0,,,,,,,,,,,,,,,,
Width,42,,12,12,12,,,12,12,12,,,12,12,12,,,12,12,12,,,,,,,,,,,,,,,,
Storage,42,,0,0,0,,,0,0,0,,,0,0,0,,,0,0,0,,,,,,,,,,,,,,,,
StLanes,42,,0,0,0,,,0,0,0,,,0,0,0,,,0,0,0,,,,,,,,,,,,,,,,
Grade,42,,0,0,0,,,0,0,0,,,0,0,0,,,0,0,0,,,,,,,,,,,,,,,,
Speed,42,,29.3232,29.3232,29.3232,,,35.3636,35.3636,35.3636,,,36.3636,36.3636,36.3636,,,36.3636,36.3636,36.3636,,,,,,,,,,,,,,,,
Up Node,43,,36,36,36,,,34,34,34,,,108,108,108,,,114,114,114,,,,,,,,,,,,,,,,
Dest Node,43,,108,34,114,,,114,36,108,,,34,114,36,,,36,108,34,,,,,,,,,,,,,,,,
StreetName,43,,700 West,700 West,,,,700 West,700 West,,,,7000 Sout,7000 Sout,,,,7200 Sout,7200 Sout,,,,,,,,,,,,,,,,,
TurnVolume,43,,0,0,0,,,0,0,0,,,0,0,0,,,0,0,0,,,,,,,,,,,,,,,,
Lanes,43,,2,2,0,,,2,2,0,,,2,2,0,,,2,2,0,,,,,,,,,,,,,,,,
Shared,43,,0,0,0,,,0,0,0,,,0,0,0,,,0,0,0,,,,,,,,,,,,,,,,
Width,43,,12,12,12,,,12,12,12,,,12,12,12,,,12,12,12,,,,,,,,,,,,,,,,
Storage,43,,0,0,0,,,0,0,0,,,0,0,0,,,0,0,0,,,,,,,,,,,,,,,,
StLanes,43,,0,0,0,,,0,0,0,,,0,0,0,,,0,0,0,,,,,,,,,,,,,,,,
Grade,43,,0,0,0,,,0,0,0,,,0,0,0,,,0,0,0,,,,,,,,,,,,,,,,
Speed,43,,36.3636,36.3636,36.3636,,,30.3232,30.3232,30.3232,,,36.3636,36.3636,36.3636,,,29.0909,29.0909,29.0909,,,,,,,,,,,,,,,,
Up Node,44,,,,,,,,,,,,,,,,,,,,,,,,,,,,,,,,,,,
Dest Node,44,,,,,,,,,,,,,,,,,,,,,,,,,,,,,,,,,,,
StreetName,44,,,,,,,,,,,,,,,,,,,,,,,,,,,,,,,,,,,
TurnVolume,44,,,,,,,,,,,,,,,,,,,,,,,,,,,,,,,,,,,
Lanes,44,,,,,,,,,,,,,,,,,,,,,,,,,,,,,,,,,,,
Shared,44,,,,,,,,,,,,,,,,,,,,,,,,,,,,,,,,,,,
Width,44,,,,,,,,,,,,,,,,,,,,,,,,,,,,,,,,,,,
Storage,44,,,,,,,,,,,,,,,,,,,,,,,,,,,,,,,,,,,
StLanes,44,,,,,,,,,,,,,,,,,,,,,,,,,,,,,,,,,,,
Grade,44,,,,,,,,,,,,,,,,,,,,,,,,,,,,,,,,,,,
Speed,44,,,,,,,,,,,,,,,,,,,,,,,,,,,,,,,,,,,
Up Node,45,,,,,,,,,,,,,,,,,,,,,,,,,,,,,,,,,,,
Dest Node,45,,,,,,,,,,,,,,,,,,,,,,,,,,,,,,,,,,,
StreetName,45,,,,,,,,,,,,,,,,,,,,,,,,,,,,,,,,,,,
TurnVolume,45,,,,,,,,,,,,,,,,,,,,,,,,,,,,,,,,,,,
Lanes,45,,,,,,,,,,,,,,,,,,,,,,,,,,,,,,,,,,,
Shared,45,,,,,,,,,,,,,,,,,,,,,,,,,,,,,,,,,,,
Width,45,,,,,,,,,,,,,,,,,,,,,,,,,,,,,,,,,,,
Storage,45,,,,,,,,,,,,,,,,,,,,,,,,,,,,,,,,,,,
StLanes,45,,,,,,,,,,,,,,,,,,,,,,,,,,,,,,,,,,,
Grade,45,,,,,,,,,,,,,,,,,,,,,,,,,,,,,,,,,,,
Speed,45,,,,,,,,,,,,,,,,,,,,,,,,,,,,,,,,,,,
Up Node,46,,,123,,,,,84,,,,,,,,,,,,,,,,,,,,,,,,,,,
Dest Node,46,,,84,,,,,123,,,,,,,,,,,,,,,,,,,,,,,,,,,
StreetName,46,,,1300 West,,,,,1300 West,,,,,,,,,,,,,,,,,,,,,,,,,,,
TurnVolume,46,,,0,,,,,0,,,,,,,,,,,,,,,,,,,,,,,,,,,
Lanes,46,,,1,,,,,1,,,,,,,,,,,,,,,,,,,,,,,,,,,
Shared,46,,,0,,,,,0,,,,,,,,,,,,,,,,,,,,,,,,,,,
Width,46,,,12,,,,,12,,,,,,,,,,,,,,,,,,,,,,,,,,,
Storage,46,,,0,,,,,0,,,,,,,,,,,,,,,,,,,,,,,,,,,
StLanes,46,,,0,,,,,0,,,,,,,,,,,,,,,,,,,,,,,,,,,
Grade,46,,,0,,,,,0,,,,,,,,,,,,,,,,,,,,,,,,,,,
Speed,46,,,32.2555,,,,,32.2555,,,,,,,,,,,,,,,,,,,,,,,,,,,
Up Node,47,,,52,52,,,33,33,,,,,,,,,104,,104,,,,,,,,,,,,,,,,
Dest Node,47,,,33,104,,,104,52,,,,,,,,,52,,33,,,,,,,,,,,,,,,,
StreetName,47,,,700 West,,,,700 West,700 West,,,,,,,,,500 West,,,,,,,,,,,,,,,,,,
TurnVolume,47,,,0,0,,,0,0,,,,,,,,,0,,0,,,,,,,,,,,,,,,,
Lanes,47,,,1,0,,,1,1,,,,,,,,,1,,0,,,,,,,,,,,,,,,,
Shared,47,,,0,0,,,0,0,,,,,,,,,0,,0,,,,,,,,,,,,,,,,
Width,47,,,12,12,,,12,12,,,,,,,,,12,,12,,,,,,,,,,,,,,,,
Storage,47,,,0,0,,,0,0,,,,,,,,,0,,0,,,,,,,,,,,,,,,,
StLanes,47,,,0,0,,,0,0,,,,,,,,,0,,0,,,,,,,,,,,,,,,,
Grade,47,,,0,0,,,0,0,,,,,,,,,0,,0,,,,,,,,,,,,,,,,
Speed,47,,,24.6781,24.6781,,,29.3232,29.3232,,,,,,,,,24.6781,,24.6781,,,,,,,,,,,,,,,,
Up Node,48,,,33,33,,,119,119,,,,,,,,,120,,120,,,,,,,,,,,,,,,,
Dest Node,48,,,119,120,,,120,33,,,,,,,,,33,,119,,,,,,,,,,,,,,,,
StreetName,48,,,700 West,,,,700 West,700 West,,,,,,,,,8000 South,,,,,,,,,,,,,,,,,,
TurnVolume,48,,,0,0,,,0,0,,,,,,,,,0,,0,,,,,,,,,,,,,,,,
Lanes,48,,,1,0,,,1,1,,,,,,,,,1,,0,,,,,,,,,,,,,,,,
Shared,48,,,0,0,,,0,0,,,,,,,,,0,,0,,,,,,,,,,,,,,,,
Width,48,,,12,12,,,12,12,,,,,,,,,12,,12,,,,,,,,,,,,,,,,
Storage,48,,,0,0,,,0,0,,,,,,,,,0,,0,,,,,,,,,,,,,,,,
StLanes,48,,,0,0,,,0,0,,,,,,,,,0,,0,,,,,,,,,,,,,,,,
Grade,48,,,0,0,,,0,0,,,,,,,,,0,,0,,,,,,,,,,,,,,,,
Speed,48,,,29.3232,29.3232,,,29.3232,29.3232,,,,,,,,,26.3232,,26.3232,,,,,,,,,,,,,,,,
Up Node,49,,124,124,124,,,122,122,122,,,121,121,121,,,77,77,77,,,,,,,,,,,,,,,,
Dest Node,49,,121,122,77,,,77,124,121,,,122,77,124,,,124,121,122,,,,,,,,,,,,,,,,
StreetName,49,,Redwood R,Redwood R,,,,Redwood R,Redwood R,,,,9000 Sout,9000 Sout,,,,9000 Sout,9000 Sout,,,,,,,,,,,,,,,,,
TurnVolume,49,,0,0,0,,,0,0,0,,,0,0,0,,,0,0,0,,,,,,,,,,,,,,,,
Lanes,49,,2,2,0,,,3,3,0,,,2,2,0,,,2,2,0,,,,,,,,,,,,,,,,
Shared,49,,0,0,0,,,0,0,0,,,0,0,0,,,0,0,0,,,,,,,,,,,,,,,,
Width,49,,12,12,12,,,12,12,12,,,12,12,12,,,12,12,12,,,,,,,,,,,,,,,,
Storage,49,,0,0,0,,,0,0,0,,,0,0,0,,,0,0,0,,,,,,,,,,,,,,,,
StLanes,49,,0,0,0,,,0,0,0,,,0,0,0,,,0,0,0,,,,,,,,,,,,,,,,
Grade,49,,0,0,0,,,0,0,0,,,0,0,0,,,0,0,0,,,,,,,,,,,,,,,,
Speed,49,,39.5604,39.5604,39.5604,,,43.5165,43.5165,43.5165,,,39.5604,39.5604,39.5604,,,39.5604,39.5604,39.5604,,,,,,,,,,,,,,,,
Up Node,50,,122,122,,,,,118,118,,,97,,97,,,,,,,,,,,,,,,,,,,,,
Dest Node,50,,97,118,,,,,122,97,,,118,,122,,,,,,,,,,,,,,,,,,,,,
StreetName,50,,Redwood R,Redwood R,,,,,Redwood R,,,,8660 S,,,,,,,,,,,,,,,,,,,,,,,
TurnVolume,50,,0,0,,,,,0,0,,,0,,0,,,,,,,,,,,,,,,,,,,,,
Lanes,50,,3,3,,,,,3,0,,,1,,0,,,,,,,,,,,,,,,,,,,,,
Shared,50,,0,0,,,,,0,0,,,0,,0,,,,,,,,,,,,,,,,,,,,,
Width,50,,12,12,,,,,12,12,,,12,,12,,,,,,,,,,,,,,,,,,,,,
Storage,50,,0,0,,,,,0,0,,,0,,0,,,,,,,,,,,,,,,,,,,,,
StLanes,50,,0,0,,,,,0,0,,,0,,0,,,,,,,,,,,,,,,,,,,,,
Grade,50,,0,0,,,,,0,0,,,0,,0,,,,,,,,,,,,,,,,,,,,,
Speed,50,,43.5165,43.5165,,,,,43.5165,43.5165,,,26.3232,,26.3232,,,,,,,,,,,,,,,,,,,,,
Up Node,51,,125,125,125,,,123,123,123,,,77,77,77,,,78,78,78,,,,,,,,,,,,,,,,
Dest Node,51,,77,123,78,,,78,125,77,,,123,78,125,,,125,77,123,,,,,,,,,,,,,,,,
StreetName,51,,1300 West,1300 West,,,,1300 West,1300 West,,,,9000 Sout,9000 Sout,,,,9000 Sout,9000 Sout,,,,,,,,,,,,,,,,,
TurnVolume,51,,0,0,0,,,0,0,0,,,0,0,0,,,0,0,0,,,,,,,,,,,,,,,,
Lanes,51,,1,1,0,,,1,1,0,,,2,2,0,,,2,2,0,,,,,,,,,,,,,,,,
Shared,51,,0,0,0,,,0,0,0,,,0,0,0,,,0,0,0,,,,,,,,,,,,,,,,
Width,51,,12,12,12,,,12,12,12,,,12,12,12,,,12,12,12,,,,,,,,,,,,,,,,
Storage,51,,0,0,0,,,0,0,0,,,0,0,0,,,0,0,0,,,,,,,,,,,,,,,,
StLanes,51,,0,0,0,,,0,0,0,,,0,0,0,,,0,0,0,,,,,,,,,,,,,,,,
Grade,51,,0,0,0,,,0,0,0,,,0,0,0,,,0,0,0,,,,,,,,,,,,,,,,
Speed,51,,29.3232,29.3232,29.3232,,,32.2555,32.2555,32.2555,,,39.5604,39.5604,39.5604,,,32.757,32.757,32.757,,,,,,,,,,,,,,,,
Up Node,52,,,,,,,47,,,,,,,,,,,,131,,,,,,,,,,,,,,,,
Dest Node,52,,,,,,,131,,,,,,,,,,,,47,,,,,,,,,,,,,,,,
StreetName,52,,,,,,,700 West,,,,,,,,,,,,,,,,,,,,,,,,,,,,
TurnVolume,52,,,,,,,0,,,,,,,,,,,,0,,,,,,,,,,,,,,,,
Lanes,52,,,,,,,1,,,,,,,,,,,,0,,,,,,,,,,,,,,,,
Shared,52,,,,,,,0,,,,,,,,,,,,0,,,,,,,,,,,,,,,,
Width,52,,,,,,,12,,,,,,,,,,,,12,,,,,,,,,,,,,,,,
Storage,52,,,,,,,0,,,,,,,,,,,,0,,,,,,,,,,,,,,,,
StLanes,52,,,,,,,0,,,,,,,,,,,,0,,,,,,,,,,,,,,,,
Grade,52,,,,,,,0,,,,,,,,,,,,0,,,,,,,,,,,,,,,,
Speed,52,,,,,,,24.6781,,,,,,,,,,,,32.757,,,,,,,,,,,,,,,,
Up Node,53,,106,106,106,,,141,141,141,,,131,131,131,,,79,79,79,,,,,,,,,,,,,,,,
Dest Node,53,,131,141,79,,,79,106,131,,,141,79,106,,,106,131,141,,,,,,,,,,,,,,,,
StreetName,53,,500 West,500 West,,,,500 West,500 West,,,,9000 Sout,9000 Sout,,,,9000 Sout,9000 Sout,,,,,,,,,,,,,,,,,
TurnVolume,53,,0,0,0,,,0,0,0,,,0,0,0,,,0,0,0,,,,,,,,,,,,,,,,
Lanes,53,,1,1,0,,,1,1,0,,,2,2,0,,,2,2,0,,,,,,,,,,,,,,,,
Shared,53,,0,0,0,,,0,0,0,,,0,0,0,,,0,0,0,,,,,,,,,,,,,,,,
Width,53,,12,12,12,,,12,12,12,,,12,12,12,,,12,12,12,,,,,,,,,,,,,,,,
Storage,53,,0,0,0,,,0,0,0,,,0,0,0,,,0,0,0,,,,,,,,,,,,,,,,
StLanes,53,,0,0,0,,,0,0,0,,,0,0,0,,,0,0,0,,,,,,,,,,,,,,,,
Grade,53,,0,0,0,,,0,0,0,,,0,0,0,,,0,0,0,,,,,,,,,,,,,,,,
Speed,53,,24.6781,24.6781,24.6781,,,24.6781,24.6781,24.6781,,,32.757,32.757,32.757,,,32.757,32.757,32.757,,,,,,,,,,,,,,,,
Up Node,54,,,,,,,,,,,,,,,,,,,,,,,,,,,,,,,,,,,
Dest Node,54,,,,,,,,,,,,,,,,,,,,,,,,,,,,,,,,,,,
StreetName,54,,,,,,,,,,,,,,,,,,,,,,,,,,,,,,,,,,,
TurnVolume,54,,,,,,,,,,,,,,,,,,,,,,,,,,,,,,,,,,,
Lanes,54,,,,,,,,,,,,,,,,,,,,,,,,,,,,,,,,,,,
Shared,54,,,,,,,,,,,,,,,,,,,,,,,,,,,,,,,,,,,
Width,54,,,,,,,,,,,,,,,,,,,,,,,,,,,,,,,,,,,
Storage,54,,,,,,,,,,,,,,,,,,,,,,,,,,,,,,,,,,,
StLanes,54,,,,,,,,,,,,,,,,,,,,,,,,,,,,,,,,,,,
Grade,54,,,,,,,,,,,,,,,,,,,,,,,,,,,,,,,,,,,
Speed,54,,,,,,,,,,,,,,,,,,,,,,,,,,,,,,,,,,,
Up Node,55,,,,,,,24,,24,,,75,75,,,,,87,87,,,,,,,,,,,,,,,,
Dest Node,55,,,,,,,87,,75,,,24,87,,,,,75,24,,,,,,,,,,,,,,,,
StreetName,55,,,,,,,Cent,,,,,South Jor,South Jor,,,,,South Jor,,,,,,,,,,,,,,,,,
TurnVolume,55,,,,,,,0,,0,,,0,0,,,,,0,0,,,,,,,,,,,,,,,,
Lanes,55,,,,,,,7,,0,,,2,2,,,,,2,0,,,,,,,,,,,,,,,,
Shared,55,,,,,,,0,,0,,,0,0,,,,,0,0,,,,,,,,,,,,,,,,
Width,55,,,,,,,12,,12,,,12,12,,,,,12,12,,,,,,,,,,,,,,,,
Storage,55,,,,,,,0,,0,,,0,0,,,,,0,0,,,,,,,,,,,,,,,,
StLanes,55,,,,,,,0,,0,,,0,0,,,,,0,0,,,,,,,,,,,,,,,,
Grade,55,,,,,,,0,,0,,,0,0,,,,,0,0,,,,,,,,,,,,,,,,
Speed,55,,,,,,,21.1765,,21.1765,,,36.3636,36.3636,,,,,36.3636,36.3636,,,,,,,,,,,,,,,,
Up Node,56,,,,,,,,,,,,,132,,,,,81,,,,,,,,,,,,,,,,,
Dest Node,56,,,,,,,,,,,,,81,,,,,132,,,,,,,,,,,,,,,,,
StreetName,56,,,,,,,,,,,,,9800 Sout,,,,,9800 Sout,,,,,,,,,,,,,,,,,
TurnVolume,56,,,,,,,,,,,,,0,,,,,0,,,,,,,,,,,,,,,,,
Lanes,56,,,,,,,,,,,,,1,,,,,1,,,,,,,,,,,,,,,,,
Shared,56,,,,,,,,,,,,,0,,,,,0,,,,,,,,,,,,,,,,,
Width,56,,,,,,,,,,,,,12,,,,,12,,,,,,,,,,,,,,,,,
Storage,56,,,,,,,,,,,,,0,,,,,0,,,,,,,,,,,,,,,,,
StLanes,56,,,,,,,,,,,,,0,,,,,0,,,,,,,,,,,,,,,,,
Grade,56,,,,,,,,,,,,,0,,,,,0,,,,,,,,,,,,,,,,,
Speed,56,,,,,,,,,,,,,24.6781,,,,,24.6781,,,,,,,,,,,,,,,,,
Up Node,57,,66,66,66,,,58,58,58,,,136,136,136,,,134,134,134,,,,,,,,,,,,,,,,
Dest Node,57,,136,58,134,,,134,66,136,,,58,134,66,,,66,136,58,,,,,,,,,,,,,,,,
StreetName,57,,Redwood R,Redwood R,,,,Redwood R,Redwood R,,,,10400 Sou,10400 Sou,,,,South Jor,South Jor,,,,,,,,,,,,,,,,,
TurnVolume,57,,0,0,0,,,0,0,0,,,0,0,0,,,0,0,0,,,,,,,,,,,,,,,,
Lanes,57,,1,1,0,,,2,2,0,,,1,1,0,,,2,2,0,,,,,,,,,,,,,,,,
Shared,57,,0,0,0,,,0,0,0,,,0,0,0,,,0,0,0,,,,,,,,,,,,,,,,
Width,57,,12,12,12,,,12,12,12,,,12,12,12,,,12,12,12,,,,,,,,,,,,,,,,
Storage,57,,0,0,0,,,0,0,0,,,0,0,0,,,0,0,0,,,,,,,,,,,,,,,,
StLanes,57,,0,0,0,,,0,0,0,,,0,0,0,,,0,0,0,,,,,,,,,,,,,,,,
Grade,57,,0,0,0,,,0,0,0,,,0,0,0,,,0,0,0,,,,,,,,,,,,,,,,
Speed,57,,38.5604,38.5604,38.5604,,,39.5604,39.5604,39.5604,,,35.3636,35.3636,35.3636,,,36.3636,36.3636,36.3636,,,,,,,,,,,,,,,,
Up Node,58,,57,57,57,,,60,60,60,,,18,18,18,,,19,19,19,,,,,,,,,,,,,,,,
Dest Node,58,,18,60,19,,,19,57,18,,,60,19,57,,,57,18,60,,,,,,,,,,,,,,,,
StreetName,58,,Redwood R,Redwood R,,,,Redwood R,Redwood R,,,,Cent,Cent,,,,Cent,Cent,,,,,,,,,,,,,,,,,
TurnVolume,58,,0,0,0,,,0,0,0,,,0,0,0,,,0,0,0,,,,,,,,,,,,,,,,
Lanes,58,,2,2,0,,,2,2,0,,,7,7,0,,,7,7,0,,,,,,,,,,,,,,,,
Shared,58,,0,0,0,,,0,0,0,,,0,0,0,,,0,0,0,,,,,,,,,,,,,,,,
Width,58,,12,12,12,,,12,12,12,,,12,12,12,,,12,12,12,,,,,,,,,,,,,,,,
Storage,58,,0,0,0,,,0,0,0,,,0,0,0,,,0,0,0,,,,,,,,,,,,,,,,
StLanes,58,,0,0,0,,,0,0,0,,,0,0,0,,,0,0,0,,,,,,,,,,,,,,,,
Grade,58,,0,0,0,,,0,0,0,,,0,0,0,,,0,0,0,,,,,,,,,,,,,,,,
Speed,58,,39.5604,39.5604,39.5604,,,39.5604,39.5604,39.5604,,,21.1765,21.1765,21.1765,,,21.1765,21.1765,21.1765,,,,,,,,,,,,,,,,
Up Node,59,,60,60,60,,,124,124,124,,,16,16,16,,,17,17,17,,,,,,,,,,,,,,,,
Dest Node,59,,16,124,17,,,17,60,16,,,124,17,60,,,60,16,124,,,,,,,,,,,,,,,,
StreetName,59,,Redwood R,Redwood R,,,,Redwood R,Redwood R,,,,Cent,Cent,,,,Cent,Cent,,,,,,,,,,,,,,,,,
TurnVolume,59,,0,0,0,,,0,0,0,,,0,0,0,,,0,0,0,,,,,,,,,,,,,,,,
Lanes,59,,2,2,0,,,2,2,0,,,7,7,0,,,7,7,0,,,,,,,,,,,,,,,,
Shared,59,,0,0,0,,,0,0,0,,,0,0,0,,,0,0,0,,,,,,,,,,,,,,,,
Width,59,,12,12,12,,,12,12,12,,,12,12,12,,,12,12,12,,,,,,,,,,,,,,,,
Storage,59,,0,0,0,,,0,0,0,,,0,0,0,,,0,0,0,,,,,,,,,,,,,,,,
StLanes,59,,0,0,0,,,0,0,0,,,0,0,0,,,0,0,0,,,,,,,,,,,,,,,,
Grade,59,,0,0,0,,,0,0,0,,,0,0,0,,,0,0,0,,,,,,,,,,,,,,,,
Speed,59,,39.5604,39.5604,39.5604,,,39.5604,39.5604,39.5604,,,21.1765,21.1765,21.1765,,,21.1765,21.1765,21.1765,,,,,,,,,,,,,,,,
Up Node,60,,58,58,58,,,59,59,59,,,126,126,126,,,127,127,127,,,,,,,,,,,,,,,,
Dest Node,60,,126,59,127,,,127,58,126,,,59,127,58,,,58,126,59,,,,,,,,,,,,,,,,
StreetName,60,,Redwood R,Redwood R,,,,Redwood R,Redwood R,,,,9800 Sout,9800 Sout,,,,9800 Sout,9800 Sout,,,,,,,,,,,,,,,,,
TurnVolume,60,,0,0,0,,,0,0,0,,,0,0,0,,,0,0,0,,,,,,,,,,,,,,,,
Lanes,60,,2,2,0,,,2,2,0,,,1,1,0,,,1,1,0,,,,,,,,,,,,,,,,
Shared,60,,0,0,0,,,0,0,0,,,0,0,0,,,0,0,0,,,,,,,,,,,,,,,,
Width,60,,12,12,12,,,12,12,12,,,12,12,12,,,12,12,12,,,,,,,,,,,,,,,,
Storage,60,,0,0,0,,,0,0,0,,,0,0,0,,,0,0,0,,,,,,,,,,,,,,,,
StLanes,60,,0,0,0,,,0,0,0,,,0,0,0,,,0,0,0,,,,,,,,,,,,,,,,
Grade,60,,0,0,0,,,0,0,0,,,0,0,0,,,0,0,0,,,,,,,,,,,,,,,,
Speed,60,,39.5604,39.5604,39.5604,,,39.5604,39.5604,39.5604,,,29.3232,29.3232,29.3232,,,29.3232,29.3232,29.3232,,,,,,,,,,,,,,,,
Up Node,61,,135,135,135,,,92,92,92,,,134,134,134,,,133,133,133,,,,,,,,,,,,,,,,
Dest Node,61,,134,92,133,,,133,135,134,,,92,133,135,,,135,134,92,,,,,,,,,,,,,,,,
StreetName,61,,1300 West,1300 West,,,,1300 West,1300 West,,,,South Jor,South Jor,,,,South Jor,South Jor,,,,,,,,,,,,,,,,,
TurnVolume,61,,0,0,0,,,0,0,0,,,0,0,0,,,0,0,0,,,,,,,,,,,,,,,,
Lanes,61,,1,1,0,,,1,1,0,,,2,2,0,,,2,2,0,,,,,,,,,,,,,,,,
Shared,61,,0,0,0,,,0,0,0,,,0,0,0,,,0,0,0,,,,,,,,,,,,,,,,
Width,61,,12,12,12,,,12,12,12,,,12,12,12,,,12,12,12,,,,,,,,,,,,,,,,
Storage,61,,0,0,0,,,0,0,0,,,0,0,0,,,0,0,0,,,,,,,,,,,,,,,,
StLanes,61,,0,0,0,,,0,0,0,,,0,0,0,,,0,0,0,,,,,,,,,,,,,,,,
Grade,61,,0,0,0,,,0,0,0,,,0,0,0,,,0,0,0,,,,,,,,,,,,,,,,
Speed,61,,29.3232,29.3232,29.3232,,,29.3232,29.3232,29.3232,,,36.3636,36.3636,36.3636,,,36.3636,36.3636,36.3636,,,,,,,,,,,,,,,,
Up Node,62,,91,,91,,,,,,,,,129,129,,,76,76,,,,,,,,,,,,,,,,,
Dest Node,62,,129,,76,,,,,,,,,76,91,,,91,129,,,,,,,,,,,,,,,,,
StreetName,62,,1000 West,,,,,,,,,,,9800 Sout,,,,9800 Sout,9800 Sout,,,,,,,,,,,,,,,,,
TurnVolume,62,,0,,0,,,,,,,,,0,0,,,0,0,,,,,,,,,,,,,,,,,
Lanes,62,,1,,0,,,,,,,,,1,0,,,1,1,,,,,,,,,,,,,,,,,
Shared,62,,0,,0,,,,,,,,,0,0,,,0,0,,,,,,,,,,,,,,,,,
Width,62,,12,,12,,,,,,,,,12,12,,,12,12,,,,,,,,,,,,,,,,,
Storage,62,,0,,0,,,,,,,,,0,0,,,0,0,,,,,,,,,,,,,,,,,
StLanes,62,,0,,0,,,,,,,,,0,0,,,0,0,,,,,,,,,,,,,,,,,
Grade,62,,0,,0,,,,,,,,,0,0,,,0,0,,,,,,,,,,,,,,,,,
Speed,62,,26.3232,,26.3232,,,,,,,,,29.3232,29.3232,,,29.3232,29.3232,,,,,,,,,,,,,,,,,
Up Node,63,,100,100,100,,,138,138,138,,,87,87,87,,,68,68,68,,,,,,,,,,,,,,,,
Dest Node,63,,87,138,68,,,68,100,87,,,138,68,100,,,100,87,138,,,,,,,,,,,,,,,,
StreetName,63,,500 West,500 West,,,,300 West,300 West,,,,South Jor,South Jor,,,,South Jor,South Jor,,,,,,,,,,,,,,,,,
TurnVolume,63,,0,0,0,,,0,0,0,,,0,0,0,,,0,0,0,,,,,,,,,,,,,,,,
Lanes,63,,2,2,0,,,2,2,0,,,2,2,0,,,2,2,0,,,,,,,,,,,,,,,,
Shared,63,,0,0,0,,,0,0,0,,,0,0,0,,,0,0,0,,,,,,,,,,,,,,,,
Width,63,,12,12,12,,,12,12,12,,,12,12,12,,,12,12,12,,,,,,,,,,,,,,,,
Storage,63,,0,0,0,,,0,0,0,,,0,0,0,,,0,0,0,,,,,,,,,,,,,,,,
StLanes,63,,0,0,0,,,0,0,0,,,0,0,0,,,0,0,0,,,,,,,,,,,,,,,,
Grade,63,,0,0,0,,,0,0,0,,,0,0,0,,,0,0,0,,,,,,,,,,,,,,,,
Speed,63,,30.3232,30.3232,30.3232,,,25.6781,25.6781,25.6781,,,27.9405,27.9405,27.9405,,,27.9405,27.9405,27.9405,,,,,,,,,,,,,,,,
Up Node,64,,65,65,65,,,125,125,125,,,17,17,17,,,22,22,22,,,,,,,,,,,,,,,,
Dest Node,64,,17,125,22,,,22,65,17,,,125,22,65,,,65,17,125,,,,,,,,,,,,,,,,
StreetName,64,,1300 West,1300 West,,,,1300 West,1300 West,,,,Cent,Cent,,,,Cent,Cent,,,,,,,,,,,,,,,,,
TurnVolume,64,,0,0,0,,,0,0,0,,,0,0,0,,,0,0,0,,,,,,,,,,,,,,,,
Lanes,64,,1,1,0,,,1,1,0,,,7,7,0,,,7,7,0,,,,,,,,,,,,,,,,
Shared,64,,0,0,0,,,0,0,0,,,0,0,0,,,0,0,0,,,,,,,,,,,,,,,,
Width,64,,12,12,12,,,12,12,12,,,12,12,12,,,12,12,12,,,,,,,,,,,,,,,,
Storage,64,,0,0,0,,,0,0,0,,,0,0,0,,,0,0,0,,,,,,,,,,,,,,,,
StLanes,64,,0,0,0,,,0,0,0,,,0,0,0,,,0,0,0,,,,,,,,,,,,,,,,
Grade,64,,0,0,0,,,0,0,0,,,0,0,0,,,0,0,0,,,,,,,,,,,,,,,,
Speed,64,,29.3232,29.3232,29.3232,,,29.3232,29.3232,29.3232,,,21.1765,21.1765,21.1765,,,21.1765,21.1765,21.1765,,,,,,,,,,,,,,,,
Up Node,65,,92,92,92,,,64,64,64,,,128,128,128,,,129,129,129,,,,,,,,,,,,,,,,
Dest Node,65,,128,64,129,,,129,92,128,,,64,129,92,,,92,128,64,,,,,,,,,,,,,,,,
StreetName,65,,1300 West,1300 West,,,,1300 West,1300 West,,,,9800 Sout,9800 Sout,,,,9800 Sout,9800 Sout,,,,,,,,,,,,,,,,,
TurnVolume,65,,0,0,0,,,0,0,0,,,0,0,0,,,0,0,0,,,,,,,,,,,,,,,,
Lanes,65,,1,1,0,,,1,1,0,,,1,1,0,,,1,1,0,,,,,,,,,,,,,,,,
Shared,65,,0,0,0,,,0,0,0,,,0,0,0,,,0,0,0,,,,,,,,,,,,,,,,
Width,65,,12,12,12,,,12,12,12,,,12,12,12,,,12,12,12,,,,,,,,,,,,,,,,
Storage,65,,0,0,0,,,0,0,0,,,0,0,0,,,0,0,0,,,,,,,,,,,,,,,,
StLanes,65,,0,0,0,,,0,0,0,,,0,0,0,,,0,0,0,,,,,,,,,,,,,,,,
Grade,65,,0,0,0,,,0,0,0,,,0,0,0,,,0,0,0,,,,,,,,,,,,,,,,
Speed,65,,29.3232,29.3232,29.3232,,,29.3232,29.3232,29.3232,,,29.3232,29.3232,29.3232,,,29.3232,29.3232,29.3232,,,,,,,,,,,,,,,,
Up Node,66,,,,,,,,,,,,,,,,,,,,,,,,,,,,,,,,,,,
Dest Node,66,,,,,,,,,,,,,,,,,,,,,,,,,,,,,,,,,,,
StreetName,66,,,,,,,,,,,,,,,,,,,,,,,,,,,,,,,,,,,
TurnVolume,66,,,,,,,,,,,,,,,,,,,,,,,,,,,,,,,,,,,
Lanes,66,,,,,,,,,,,,,,,,,,,,,,,,,,,,,,,,,,,
Shared,66,,,,,,,,,,,,,,,,,,,,,,,,,,,,,,,,,,,
Width,66,,,,,,,,,,,,,,,,,,,,,,,,,,,,,,,,,,,
Storage,66,,,,,,,,,,,,,,,,,,,,,,,,,,,,,,,,,,,
StLanes,66,,,,,,,,,,,,,,,,,,,,,,,,,,,,,,,,,,,
Grade,66,,,,,,,,,,,,,,,,,,,,,,,,,,,,,,,,,,,
Speed,66,,,,,,,,,,,,,,,,,,,,,,,,,,,,,,,,,,,
Up Node,67,,37,37,,,,,,,,,,5,5,,,,,,,,,,,,,,,,,38,,,,
Dest Node,67,,5,38,,,,,,,,,,38,37,,,,,,,,,,,,,,,,,37,,,,
StreetName,67,,Holden St,Holden St,,,,,,,,,,Cent,,,,,,,,,,,,,,,,,,Holden St,,,,
TurnVolume,67,,0,0,,,,,,,,,,0,0,,,,,,,,,,,,,,,,,0,,,,
Lanes,67,,2,2,,,,,,,,,,7,0,,,,,,,,,,,,,,,,,2,,,,
Shared,67,,0,0,,,,,,,,,,0,0,,,,,,,,,,,,,,,,,0,,,,
Width,67,,12,12,,,,,,,,,,12,12,,,,,,,,,,,,,,,,,12,,,,
Storage,67,,0,0,,,,,,,,,,0,0,,,,,,,,,,,,,,,,,0,,,,
StLanes,67,,0,0,,,,,,,,,,0,0,,,,,,,,,,,,,,,,,0,,,,
Grade,67,,0,0,,,,,,,,,,0,0,,,,,,,,,,,,,,,,,0,,,,
Speed,67,,36.3636,36.3636,,,,,,,,,,21.1765,21.1765,,,,,,,,,,,,,,,,,36.3636,,,,
Up Node,68,,,,,,,,,,,,,,,,,,,,,,,,,,,,,,,,,,,
Dest Node,68,,,,,,,,,,,,,,,,,,,,,,,,,,,,,,,,,,,
StreetName,68,,,,,,,,,,,,,,,,,,,,,,,,,,,,,,,,,,,
TurnVolume,68,,,,,,,,,,,,,,,,,,,,,,,,,,,,,,,,,,,
Lanes,68,,,,,,,,,,,,,,,,,,,,,,,,,,,,,,,,,,,
Shared,68,,,,,,,,,,,,,,,,,,,,,,,,,,,,,,,,,,,
Width,68,,,,,,,,,,,,,,,,,,,,,,,,,,,,,,,,,,,
Storage,68,,,,,,,,,,,,,,,,,,,,,,,,,,,,,,,,,,,
StLanes,68,,,,,,,,,,,,,,,,,,,,,,,,,,,,,,,,,,,
Grade,68,,,,,,,,,,,,,,,,,,,,,,,,,,,,,,,,,,,
Speed,68,,,,,,,,,,,,,,,,,,,,,,,,,,,,,,,,,,,
Up Node,69,,40,40,40,,,74,74,74,,,73,73,73,,,111,111,111,,,,,,,,,,,,,,,,
Dest Node,69,,73,74,111,,,111,40,73,,,74,111,40,,,40,73,74,,,,,,,,,,,,,,,,
StreetName,69,,Redwood R,Redwood R,,,,Redwood R,Redwood R,,,,7000 Sout,7000 Sout,,,,7000 Sout,7000 Sout,,,,,,,,,,,,,,,,,
TurnVolume,69,,0,0,0,,,0,0,0,,,0,0,0,,,0,0,0,,,,,,,,,,,,,,,,
Lanes,69,,3,3,0,,,3,3,0,,,2,2,0,,,2,2,0,,,,,,,,,,,,,,,,
Shared,69,,0,0,0,,,0,0,0,,,0,0,0,,,0,0,0,,,,,,,,,,,,,,,,
Width,69,,12,12,12,,,12,12,12,,,12,12,12,,,12,12,12,,,,,,,,,,,,,,,,
Storage,69,,0,0,0,,,0,0,0,,,0,0,0,,,0,0,0,,,,,,,,,,,,,,,,
StLanes,69,,0,0,0,,,0,0,0,,,0,0,0,,,0,0,0,,,,,,,,,,,,,,,,
Grade,69,,0,0,0,,,0,0,0,,,0,0,0,,,0,0,0,,,,,,,,,,,,,,,,
Speed,69,,43.5165,43.5165,43.5165,,,39.5604,39.5604,39.5604,,,36.3636,36.3636,36.3636,,,36.3636,36.3636,36.3636,,,,,,,,,,,,,,,,
Up Node,70,,35,35,35,,,140,140,140,,,111,111,111,,,113,113,113,,,,,,,,,,,,,,,,
Dest Node,70,,111,140,113,,,113,35,111,,,140,113,35,,,35,111,140,,,,,,,,,,,,,,,,
StreetName,70,,1300 West,1300 West,,,,1300 West,1300 West,,,,7000 Sout,7000 Sout,,,,7000 Sout,7000 Sout,,,,,,,,,,,,,,,,,
TurnVolume,70,,0,0,0,,,0,0,0,,,0,0,0,,,0,0,0,,,,,,,,,,,,,,,,
Lanes,70,,1,1,0,,,1,1,0,,,2,2,0,,,2,2,0,,,,,,,,,,,,,,,,
Shared,70,,0,0,0,,,0,0,0,,,0,0,0,,,0,0,0,,,,,,,,,,,,,,,,
Width,70,,12,12,12,,,12,12,12,,,12,12,12,,,12,12,12,,,,,,,,,,,,,,,,
Storage,70,,0,0,0,,,0,0,0,,,0,0,0,,,0,0,0,,,,,,,,,,,,,,,,
StLanes,70,,0,0,0,,,0,0,0,,,0,0,0,,,0,0,0,,,,,,,,,,,,,,,,
Grade,70,,0,0,0,,,0,0,0,,,0,0,0,,,0,0,0,,,,,,,,,,,,,,,,
Speed,70,,32.2555,32.2555,32.2555,,,32.2555,32.2555,32.2555,,,36.3636,36.3636,36.3636,,,36.3636,36.3636,36.3636,,,,,,,,,,,,,,,,
Up Node,71,,,,,,,,,,,,,112,,,,,,,,,,,,85,,,,,,,,,,
Dest Node,71,,,,,,,,,,,,,85,,,,,,,,,,,,112,,,,,,,,,,
StreetName,71,,,,,,,,,,,,,7000 Sout,,,,,,,,,,,,7000 Sout,,,,,,,,,,
TurnVolume,71,,,,,,,,,,,,,0,,,,,,,,,,,,0,,,,,,,,,,
Lanes,71,,,,,,,,,,,,,2,,,,,,,,,,,,2,,,,,,,,,,
Shared,71,,,,,,,,,,,,,0,,,,,,,,,,,,0,,,,,,,,,,
Width,71,,,,,,,,,,,,,12,,,,,,,,,,,,12,,,,,,,,,,
Storage,71,,,,,,,,,,,,,0,,,,,,,,,,,,0,,,,,,,,,,
StLanes,71,,,,,,,,,,,,,0,,,,,,,,,,,,0,,,,,,,,,,
Grade,71,,,,,,,,,,,,,0,,,,,,,,,,,,0,,,,,,,,,,
Speed,71,,,,,,,,,,,,,36.3636,,,,,,,,,,,,36.3636,,,,,,,,,,
Up Node,72,,,,,,,,,,,,,41,,,,,86,,,,,,,,,,,,,,,,,
Dest Node,72,,,,,,,,,,,,,86,,,,,41,,,,,,,,,,,,,,,,,
StreetName,72,,,,,,,,,,,,,7800 Sout,,,,,7800 Sout,,,,,,,,,,,,,,,,,
TurnVolume,72,,,,,,,,,,,,,0,,,,,0,,,,,,,,,,,,,,,,,
Lanes,72,,,,,,,,,,,,,2,,,,,2,,,,,,,,,,,,,,,,,
Shared,72,,,,,,,,,,,,,0,,,,,0,,,,,,,,,,,,,,,,,
Width,72,,,,,,,,,,,,,12,,,,,12,,,,,,,,,,,,,,,,,
Storage,72,,,,,,,,,,,,,0,,,,,0,,,,,,,,,,,,,,,,,
StLanes,72,,,,,,,,,,,,,0,,,,,0,,,,,,,,,,,,,,,,,
Grade,72,,,,,,,,,,,,,0,,,,,0,,,,,,,,,,,,,,,,,
Speed,72,,,,,,,,,,,,,36.3636,,,,,36.3636,,,,,,,,,,,,,,,,,
Up Node,73,,,,,,,,,,,,,,,,,,,,,,,,,,,,,,,,,,,
Dest Node,73,,,,,,,,,,,,,,,,,,,,,,,,,,,,,,,,,,,
StreetName,73,,,,,,,,,,,,,,,,,,,,,,,,,,,,,,,,,,,
TurnVolume,73,,,,,,,,,,,,,,,,,,,,,,,,,,,,,,,,,,,
Lanes,73,,,,,,,,,,,,,,,,,,,,,,,,,,,,,,,,,,,
Shared,73,,,,,,,,,,,,,,,,,,,,,,,,,,,,,,,,,,,
Width,73,,,,,,,,,,,,,,,,,,,,,,,,,,,,,,,,,,,
Storage,73,,,,,,,,,,,,,,,,,,,,,,,,,,,,,,,,,,,
StLanes,73,,,,,,,,,,,,,,,,,,,,,,,,,,,,,,,,,,,
Grade,73,,,,,,,,,,,,,,,,,,,,,,,,,,,,,,,,,,,
Speed,73,,,,,,,,,,,,,,,,,,,,,,,,,,,,,,,,,,,
Up Node,74,,,,,,,,,,,,,,,,,,,,,,,,,,,,,,,,,,,
Dest Node,74,,,,,,,,,,,,,,,,,,,,,,,,,,,,,,,,,,,
StreetName,74,,,,,,,,,,,,,,,,,,,,,,,,,,,,,,,,,,,
TurnVolume,74,,,,,,,,,,,,,,,,,,,,,,,,,,,,,,,,,,,
Lanes,74,,,,,,,,,,,,,,,,,,,,,,,,,,,,,,,,,,,
Shared,74,,,,,,,,,,,,,,,,,,,,,,,,,,,,,,,,,,,
Width,74,,,,,,,,,,,,,,,,,,,,,,,,,,,,,,,,,,,
Storage,74,,,,,,,,,,,,,,,,,,,,,,,,,,,,,,,,,,,
StLanes,74,,,,,,,,,,,,,,,,,,,,,,,,,,,,,,,,,,,
Grade,74,,,,,,,,,,,,,,,,,,,,,,,,,,,,,,,,,,,
Speed,74,,,,,,,,,,,,,,,,,,,,,,,,,,,,,,,,,,,
Up Node,75,,,,,,,107,,107,,,133,133,,,,,55,55,,,,,,,,,,,,,,,,
Dest Node,75,,,,,,,55,,133,,,107,55,,,,,133,107,,,,,,,,,,,,,,,,
StreetName,75,,,,,,,1000 West,,,,,South Jor,South Jor,,,,,South Jor,,,,,,,,,,,,,,,,,
TurnVolume,75,,,,,,,0,,0,,,0,0,,,,,0,0,,,,,,,,,,,,,,,,
Lanes,75,,,,,,,1,,0,,,2,2,,,,,2,0,,,,,,,,,,,,,,,,
Shared,75,,,,,,,0,,0,,,0,0,,,,,0,0,,,,,,,,,,,,,,,,
Width,75,,,,,,,12,,12,,,12,12,,,,,12,12,,,,,,,,,,,,,,,,
Storage,75,,,,,,,0,,0,,,0,0,,,,,0,0,,,,,,,,,,,,,,,,
StLanes,75,,,,,,,0,,0,,,0,0,,,,,0,0,,,,,,,,,,,,,,,,
Grade,75,,,,,,,0,,0,,,0,0,,,,,0,0,,,,,,,,,,,,,,,,
Speed,75,,,,,,,26.3232,,26.3232,,,36.3636,36.3636,,,,,36.3636,36.3636,,,,,,,,,,,,,,,,
Up Node,76,,24,,24,,,,,,,,,62,62,,,130,130,,,,,,,,,,,,,,,,,
Dest Node,76,,62,,130,,,,,,,,,130,24,,,24,62,,,,,,,,,,,,,,,,,
StreetName,76,,Cent,,,,,,,,,,,9800 Sout,,,,9800 Sout,9800 Sout,,,,,,,,,,,,,,,,,
TurnVolume,76,,0,,0,,,,,,,,,0,0,,,0,0,,,,,,,,,,,,,,,,,
Lanes,76,,7,,0,,,,,,,,,1,0,,,1,1,,,,,,,,,,,,,,,,,
Shared,76,,0,,0,,,,,,,,,0,0,,,0,0,,,,,,,,,,,,,,,,,
Width,76,,12,,12,,,,,,,,,12,12,,,12,12,,,,,,,,,,,,,,,,,
Storage,76,,0,,0,,,,,,,,,0,0,,,0,0,,,,,,,,,,,,,,,,,
StLanes,76,,0,,0,,,,,,,,,0,0,,,0,0,,,,,,,,,,,,,,,,,
Grade,76,,0,,0,,,,,,,,,0,0,,,0,0,,,,,,,,,,,,,,,,,
Speed,76,,21.1765,,21.1765,,,,,,,,,29.3232,29.3232,,,24.6781,24.6781,,,,,,,,,,,,,,,,,
Up Node,77,,20,20,20,,,12,12,12,,,49,49,49,,,51,51,51,,,,,,,,,,,,,,,,
Dest Node,77,,49,12,51,,,51,20,49,,,12,51,20,,,20,49,12,,,,,,,,,,,,,,,,
StreetName,77,,Cent,Cent,,,,Cent,Cent,,,,9000 Sout,9000 Sout,,,,9000 Sout,9000 Sout,,,,,,,,,,,,,,,,,
TurnVolume,77,,0,0,0,,,0,0,0,,,0,0,0,,,0,0,0,,,,,,,,,,,,,,,,
Lanes,77,,7,7,0,,,7,7,0,,,2,2,0,,,2,2,0,,,,,,,,,,,,,,,,
Shared,77,,0,0,0,,,0,0,0,,,0,0,0,,,0,0,0,,,,,,,,,,,,,,,,
Width,77,,12,12,12,,,12,12,12,,,12,12,12,,,12,12,12,,,,,,,,,,,,,,,,
Storage,77,,0,0,0,,,0,0,0,,,0,0,0,,,0,0,0,,,,,,,,,,,,,,,,
StLanes,77,,0,0,0,,,0,0,0,,,0,0,0,,,0,0,0,,,,,,,,,,,,,,,,
Grade,77,,0,0,0,,,0,0,0,,,0,0,0,,,0,0,0,,,,,,,,,,,,,,,,
Speed,77,,21.1765,21.1765,21.1765,,,21.1765,21.1765,21.1765,,,39.5604,39.5604,39.5604,,,39.5604,39.5604,39.5604,,,,,,,,,,,,,,,,
Up Node,78,,21,21,,,,,13,13,,,51,,51,,,,,,,,,,,,,,,,,,,,,
Dest Node,78,,51,13,,,,,21,51,,,13,,21,,,,,,,,,,,,,,,,,,,,,
StreetName,78,,Cent,Cent,,,,,Cent,,,,9000 Sout,,,,,,,,,,,,,,,,,,,,,,,
TurnVolume,78,,0,0,,,,,0,0,,,0,,0,,,,,,,,,,,,,,,,,,,,,
Lanes,78,,7,7,,,,,7,0,,,2,,0,,,,,,,,,,,,,,,,,,,,,
Shared,78,,0,0,,,,,0,0,,,0,,0,,,,,,,,,,,,,,,,,,,,,
Width,78,,12,12,,,,,12,12,,,12,,12,,,,,,,,,,,,,,,,,,,,,
Storage,78,,0,0,,,,,0,0,,,0,,0,,,,,,,,,,,,,,,,,,,,,
StLanes,78,,0,0,,,,,0,0,,,0,,0,,,,,,,,,,,,,,,,,,,,,
Grade,78,,0,0,,,,,0,0,,,0,,0,,,,,,,,,,,,,,,,,,,,,
Speed,78,,16.2162,16.2162,,,,,21.1765,21.1765,,,32.757,,32.757,,,,,,,,,,,,,,,,,,,,,
Up Node,79,,,,,,,,,,,,,53,,,,,54,,,,,,,,,,,,,,,,,
Dest Node,79,,,,,,,,,,,,,54,,,,,53,,,,,,,,,,,,,,,,,
StreetName,79,,,,,,,,,,,,,9000 Sout,,,,,9000 Sout,,,,,,,,,,,,,,,,,
TurnVolume,79,,,,,,,,,,,,,0,,,,,0,,,,,,,,,,,,,,,,,
Lanes,79,,,,,,,,,,,,,2,,,,,2,,,,,,,,,,,,,,,,,
Shared,79,,,,,,,,,,,,,0,,,,,0,,,,,,,,,,,,,,,,,
Width,79,,,,,,,,,,,,,12,,,,,12,,,,,,,,,,,,,,,,,
Storage,79,,,,,,,,,,,,,0,,,,,0,,,,,,,,,,,,,,,,,
StLanes,79,,,,,,,,,,,,,0,,,,,0,,,,,,,,,,,,,,,,,
Grade,79,,,,,,,,,,,,,0,,,,,0,,,,,,,,,,,,,,,,,
Speed,79,,,,,,,,,,,,,32.757,,,,,32.757,,,,,,,,,,,,,,,,,
Up Node,80,,,81,,,,,96,96,,,,,,,,,,,,,,,,,,28,28,,,,,,,
Dest Node,80,,,96,,,,,81,28,,,,,,,,,,,,,,,,,,96,81,,,,,,,
StreetName,80,,,300 West,,,,,500 West,,,,,,,,,,,,,,,,,,,Cent,Cent,,,,,,,
TurnVolume,80,,,0,,,,,0,0,,,,,,,,,,,,,,,,,,0,0,,,,,,,
Lanes,80,,,1,,,,,1,0,,,,,,,,,,,,,,,,,,7,7,,,,,,,
Shared,80,,,0,,,,,0,0,,,,,,,,,,,,,,,,,,0,0,,,,,,,
Width,80,,,12,,,,,12,12,,,,,,,,,,,,,,,,,,12,12,,,,,,,
Storage,80,,,0,,,,,0,0,,,,,,,,,,,,,,,,,,0,0,,,,,,,
StLanes,80,,,0,,,,,0,0,,,,,,,,,,,,,,,,,,0,0,,,,,,,
Grade,80,,,0,,,,,0,0,,,,,,,,,,,,,,,,,,0,0,,,,,,,
Speed,80,,,24.6781,,,,,24.6781,24.6781,,,,,,,,,,,,,,,,,,16.2162,16.2162,,,,,,,
Up Node,81,,,,,,,80,,80,,,56,56,,,,,88,88,,,,,,,,,,,,,,,,
Dest Node,81,,,,,,,88,,56,,,80,88,,,,,56,80,,,,,,,,,,,,,,,,
StreetName,81,,,,,,,300 West,,,,,9800 Sout,9800 Sout,,,,,9800 Sout,,,,,,,,,,,,,,,,,
TurnVolume,81,,,,,,,0,,0,,,0,0,,,,,0,0,,,,,,,,,,,,,,,,
Lanes,81,,,,,,,1,,0,,,1,1,,,,,2,0,,,,,,,,,,,,,,,,
Shared,81,,,,,,,0,,0,,,0,0,,,,,0,0,,,,,,,,,,,,,,,,
Width,81,,,,,,,12,,12,,,12,12,,,,,12,12,,,,,,,,,,,,,,,,
Storage,81,,,,,,,0,,0,,,0,0,,,,,0,0,,,,,,,,,,,,,,,,
StLanes,81,,,,,,,0,,0,,,0,0,,,,,0,0,,,,,,,,,,,,,,,,
Grade,81,,,,,,,0,,0,,,0,0,,,,,0,0,,,,,,,,,,,,,,,,
Speed,81,,,,,,,24.6781,,24.6781,,,24.6781,24.6781,,,,,25.6781,25.6781,,,,,,,,,,,,,,,,
Up Node,82,,,99,,,,,139,,,,,,,,,,,,,,,,,,,,,,,,,,,
Dest Node,82,,,139,,,,,99,,,,,,,,,,,,,,,,,,,,,,,,,,,
StreetName,82,,,700 West,,,,,700 West,,,,,,,,,,,,,,,,,,,,,,,,,,,
TurnVolume,82,,,0,,,,,0,,,,,,,,,,,,,,,,,,,,,,,,,,,
Lanes,82,,,1,,,,,1,,,,,,,,,,,,,,,,,,,,,,,,,,,
Shared,82,,,0,,,,,0,,,,,,,,,,,,,,,,,,,,,,,,,,,
Width,82,,,12,,,,,12,,,,,,,,,,,,,,,,,,,,,,,,,,,
Storage,82,,,0,,,,,0,,,,,,,,,,,,,,,,,,,,,,,,,,,
StLanes,82,,,0,,,,,0,,,,,,,,,,,,,,,,,,,,,,,,,,,
Grade,82,,,0,,,,,0,,,,,,,,,,,,,,,,,,,,,,,,,,,
Speed,82,,,24.6781,,,,,24.6781,,,,,,,,,,,,,,,,,,,,,,,,,,,
Up Node,83,,118,118,,,,,116,116,,,98,,98,,,,,,,,,,,,,,,,,,,,,
Dest Node,83,,98,116,,,,,118,98,,,116,,118,,,,,,,,,,,,,,,,,,,,,
StreetName,83,,Redwood R,Redwood R,,,,,Redwood R,,,,Sugar Fact,,,,,,,,,,,,,,,,,,,,,,,
TurnVolume,83,,0,0,,,,,0,0,,,0,,0,,,,,,,,,,,,,,,,,,,,,
Lanes,83,,3,3,,,,,3,0,,,1,,0,,,,,,,,,,,,,,,,,,,,,
Shared,83,,0,0,,,,,0,0,,,0,,0,,,,,,,,,,,,,,,,,,,,,
Width,83,,12,12,,,,,12,12,,,12,,12,,,,,,,,,,,,,,,,,,,,,
Storage,83,,0,0,,,,,0,0,,,0,,0,,,,,,,,,,,,,,,,,,,,,
StLanes,83,,0,0,,,,,0,0,,,0,,0,,,,,,,,,,,,,,,,,,,,,
Grade,83,,0,0,,,,,0,0,,,0,,0,,,,,,,,,,,,,,,,,,,,,
Speed,83,,43.5165,43.5165,,,,,43.5165,43.5165,,,26.3232,,26.3232,,,,,,,,,,,,,,,,,,,,,
Up Node,84,,46,46,,,,,117,117,,,11,,11,,,,,,,,,,,,,,,,,,,,,
Dest Node,84,,11,117,,,,,46,11,,,117,,46,,,,,,,,,,,,,,,,,,,,,
StreetName,84,,1300 West,1300 West,,,,,1300 West,,,,Cent,,,,,,,,,,,,,,,,,,,,,,,
TurnVolume,84,,0,0,,,,,0,0,,,0,,0,,,,,,,,,,,,,,,,,,,,,
Lanes,84,,1,1,,,,,1,0,,,7,,0,,,,,,,,,,,,,,,,,,,,,
Shared,84,,0,0,,,,,0,0,,,0,,0,,,,,,,,,,,,,,,,,,,,,
Width,84,,12,12,,,,,12,12,,,12,,12,,,,,,,,,,,,,,,,,,,,,
Storage,84,,0,0,,,,,0,0,,,0,,0,,,,,,,,,,,,,,,,,,,,,
StLanes,84,,0,0,,,,,0,0,,,0,,0,,,,,,,,,,,,,,,,,,,,,
Grade,84,,0,0,,,,,0,0,,,0,,0,,,,,,,,,,,,,,,,,,,,,
Speed,84,,32.2555,32.2555,,,,,32.2555,32.2555,,,21.1765,,21.1765,,,,,,,,,,,,,,,,,,,,,
Up Node,85,,,,,,,,,,,,,,,,,,108,,,,,,,,,,71,,,,,,,
Dest Node,85,,,,,,,,,,,,,,,,,,71,,,,,,,,,,108,,,,,,,
StreetName,85,,,,,,,,,,,,,,,,,,7000 Sout,,,,,,,,,,7000 Sout,,,,,,,
TurnVolume,85,,,,,,,,,,,,,,,,,,0,,,,,,,,,,0,,,,,,,
Lanes,85,,,,,,,,,,,,,,,,,,2,,,,,,,,,,2,,,,,,,
Shared,85,,,,,,,,,,,,,,,,,,0,,,,,,,,,,0,,,,,,,
Width,85,,,,,,,,,,,,,,,,,,12,,,,,,,,,,12,,,,,,,
Storage,85,,,,,,,,,,,,,,,,,,0,,,,,,,,,,0,,,,,,,
StLanes,85,,,,,,,,,,,,,,,,,,0,,,,,,,,,,0,,,,,,,
Grade,85,,,,,,,,,,,,,,,,,,0,,,,,,,,,,0,,,,,,,
Speed,85,,,,,,,,,,,,,,,,,,36.3636,,,,,,,,,,36.3636,,,,,,,
Up Node,86,,,,,,,,,,,,,72,,,,,37,,,,,,,,,,,,,,,,,
Dest Node,86,,,,,,,,,,,,,37,,,,,72,,,,,,,,,,,,,,,,,
StreetName,86,,,,,,,,,,,,,7800 Sout,,,,,7800 Sout,,,,,,,,,,,,,,,,,
TurnVolume,86,,,,,,,,,,,,,0,,,,,0,,,,,,,,,,,,,,,,,
Lanes,86,,,,,,,,,,,,,2,,,,,2,,,,,,,,,,,,,,,,,
Shared,86,,,,,,,,,,,,,0,,,,,0,,,,,,,,,,,,,,,,,
Width,86,,,,,,,,,,,,,12,,,,,12,,,,,,,,,,,,,,,,,
Storage,86,,,,,,,,,,,,,0,,,,,0,,,,,,,,,,,,,,,,,
StLanes,86,,,,,,,,,,,,,0,,,,,0,,,,,,,,,,,,,,,,,
Grade,86,,,,,,,,,,,,,0,,,,,0,,,,,,,,,,,,,,,,,
Speed,86,,,,,,,,,,,,,36.3636,,,,,36.3636,,,,,,,,,,,,,,,,,
Up Node,87,,90,,90,,,,,,,,,55,55,,,63,63,,,,,,,,,,,,,,,,,
Dest Node,87,,55,,63,,,,,,,,,63,90,,,90,55,,,,,,,,,,,,,,,,,
StreetName,87,,River Fron,,,,,,,,,,,South Jor,,,,South Jor,South Jor,,,,,,,,,,,,,,,,,
TurnVolume,87,,0,,0,,,,,,,,,0,0,,,0,0,,,,,,,,,,,,,,,,,
Lanes,87,,1,,0,,,,,,,,,2,0,,,2,2,,,,,,,,,,,,,,,,,
Shared,87,,0,,0,,,,,,,,,0,0,,,0,0,,,,,,,,,,,,,,,,,
Width,87,,12,,12,,,,,,,,,12,12,,,12,12,,,,,,,,,,,,,,,,,
Storage,87,,0,,0,,,,,,,,,0,0,,,0,0,,,,,,,,,,,,,,,,,
StLanes,87,,0,,0,,,,,,,,,0,0,,,0,0,,,,,,,,,,,,,,,,,
Grade,87,,0,,0,,,,,,,,,0,0,,,0,0,,,,,,,,,,,,,,,,,
Speed,87,,26.3232,,26.3232,,,,,,,,,36.3636,36.3636,,,27.9405,27.9405,,,,,,,,,,,,,,,,,
Up Node,88,,,,,,,,,,,,,,,,,,,,,,,,,,,,,,,,,,,
Dest Node,88,,,,,,,,,,,,,,,,,,,,,,,,,,,,,,,,,,,
StreetName,88,,,,,,,,,,,,,,,,,,,,,,,,,,,,,,,,,,,
TurnVolume,88,,,,,,,,,,,,,,,,,,,,,,,,,,,,,,,,,,,
Lanes,88,,,,,,,,,,,,,,,,,,,,,,,,,,,,,,,,,,,
Shared,88,,,,,,,,,,,,,,,,,,,,,,,,,,,,,,,,,,,
Width,88,,,,,,,,,,,,,,,,,,,,,,,,,,,,,,,,,,,
Storage,88,,,,,,,,,,,,,,,,,,,,,,,,,,,,,,,,,,,
StLanes,88,,,,,,,,,,,,,,,,,,,,,,,,,,,,,,,,,,,
Grade,88,,,,,,,,,,,,,,,,,,,,,,,,,,,,,,,,,,,
Speed,88,,,,,,,,,,,,,,,,,,,,,,,,,,,,,,,,,,,
Up Node,89,,,,,,,,,99,,,26,,,,,,,,,,,,,,,,,,,,,,,
Dest Node,89,,,,,,,,,26,,,99,,,,,,,,,,,,,,,,,,,,,,,
StreetName,89,,,,,,,,,,,,Cent,,,,,,,,,,,,,,,,,,,,,,,
TurnVolume,89,,,,,,,,,0,,,0,,,,,,,,,,,,,,,,,,,,,,,
Lanes,89,,,,,,,,,0,,,7,,,,,,,,,,,,,,,,,,,,,,,
Shared,89,,,,,,,,,0,,,0,,,,,,,,,,,,,,,,,,,,,,,
Width,89,,,,,,,,,12,,,12,,,,,,,,,,,,,,,,,,,,,,,
Storage,89,,,,,,,,,0,,,0,,,,,,,,,,,,,,,,,,,,,,,
StLanes,89,,,,,,,,,0,,,0,,,,,,,,,,,,,,,,,,,,,,,
Grade,89,,,,,,,,,0,,,0,,,,,,,,,,,,,,,,,,,,,,,
Speed,89,,,,,,,,,29.3232,,,21.1765,,,,,,,,,,,,,,,,,,,,,,,
Up Node,90,,,,,,,,,,,,,,,,,,,,,,,,,,,,,,,,,,,
Dest Node,90,,,,,,,,,,,,,,,,,,,,,,,,,,,,,,,,,,,
StreetName,90,,,,,,,,,,,,,,,,,,,,,,,,,,,,,,,,,,,
TurnVolume,90,,,,,,,,,,,,,,,,,,,,,,,,,,,,,,,,,,,
Lanes,90,,,,,,,,,,,,,,,,,,,,,,,,,,,,,,,,,,,
Shared,90,,,,,,,,,,,,,,,,,,,,,,,,,,,,,,,,,,,
Width,90,,,,,,,,,,,,,,,,,,,,,,,,,,,,,,,,,,,
Storage,90,,,,,,,,,,,,,,,,,,,,,,,,,,,,,,,,,,,
StLanes,90,,,,,,,,,,,,,,,,,,,,,,,,,,,,,,,,,,,
Grade,90,,,,,,,,,,,,,,,,,,,,,,,,,,,,,,,,,,,
Speed,90,,,,,,,,,,,,,,,,,,,,,,,,,,,,,,,,,,,
Up Node,91,,107,107,107,,,62,62,62,,,23,23,23,,,24,24,24,,,,,,,,,,,,,,,,
Dest Node,91,,23,62,24,,,24,107,23,,,62,24,107,,,107,23,62,,,,,,,,,,,,,,,,
StreetName,91,,1000 West,1000 West,,,,1000 West,1000 West,,,,Cent,Cent,,,,Cent,Cent,,,,,,,,,,,,,,,,,
TurnVolume,91,,0,0,0,,,0,0,0,,,0,0,0,,,0,0,0,,,,,,,,,,,,,,,,
Lanes,91,,1,1,0,,,1,1,0,,,7,7,0,,,7,7,0,,,,,,,,,,,,,,,,
Shared,91,,0,0,0,,,0,0,0,,,0,0,0,,,0,0,0,,,,,,,,,,,,,,,,
Width,91,,12,12,12,,,12,12,12,,,12,12,12,,,12,12,12,,,,,,,,,,,,,,,,
Storage,91,,0,0,0,,,0,0,0,,,0,0,0,,,0,0,0,,,,,,,,,,,,,,,,
StLanes,91,,0,0,0,,,0,0,0,,,0,0,0,,,0,0,0,,,,,,,,,,,,,,,,
Grade,91,,0,0,0,,,0,0,0,,,0,0,0,,,0,0,0,,,,,,,,,,,,,,,,
Speed,91,,26.3232,26.3232,26.3232,,,26.3232,26.3232,26.3232,,,21.1765,21.1765,21.1765,,,21.1765,21.1765,21.1765,,,,,,,,,,,,,,,,
Up Node,92,,61,61,61,,,65,65,65,,,19,19,19,,,23,23,23,,,,,,,,,,,,,,,,
Dest Node,92,,19,65,23,,,23,61,19,,,65,23,61,,,61,19,65,,,,,,,,,,,,,,,,
StreetName,92,,1300 West,1300 West,,,,1300 West,1300 West,,,,Cent,Cent,,,,Cent,Cent,,,,,,,,,,,,,,,,,
TurnVolume,92,,0,0,0,,,0,0,0,,,0,0,0,,,0,0,0,,,,,,,,,,,,,,,,
Lanes,92,,1,1,0,,,1,1,0,,,7,7,0,,,7,7,0,,,,,,,,,,,,,,,,
Shared,92,,0,0,0,,,0,0,0,,,0,0,0,,,0,0,0,,,,,,,,,,,,,,,,
Width,92,,12,12,12,,,12,12,12,,,12,12,12,,,12,12,12,,,,,,,,,,,,,,,,
Storage,92,,0,0,0,,,0,0,0,,,0,0,0,,,0,0,0,,,,,,,,,,,,,,,,
StLanes,92,,0,0,0,,,0,0,0,,,0,0,0,,,0,0,0,,,,,,,,,,,,,,,,
Grade,92,,0,0,0,,,0,0,0,,,0,0,0,,,0,0,0,,,,,,,,,,,,,,,,
Speed,92,,29.3232,29.3232,29.3232,,,29.3232,29.3232,29.3232,,,21.1765,21.1765,21.1765,,,21.1765,21.1765,21.1765,,,,,,,,,,,,,,,,
Up Node,93,,,105,,,,,94,,,,,,,,,,,,,,,,,,,,,,,,,,,
Dest Node,93,,,94,,,,,105,,,,,,,,,,,,,,,,,,,,,,,,,,,
StreetName,93,,,500 West,,,,,500 West,,,,,,,,,,,,,,,,,,,,,,,,,,,
TurnVolume,93,,,0,,,,,0,,,,,,,,,,,,,,,,,,,,,,,,,,,
Lanes,93,,,1,,,,,1,,,,,,,,,,,,,,,,,,,,,,,,,,,
Shared,93,,,0,,,,,0,,,,,,,,,,,,,,,,,,,,,,,,,,,
Width,93,,,12,,,,,12,,,,,,,,,,,,,,,,,,,,,,,,,,,
Storage,93,,,0,,,,,0,,,,,,,,,,,,,,,,,,,,,,,,,,,
StLanes,93,,,0,,,,,0,,,,,,,,,,,,,,,,,,,,,,,,,,,
Grade,93,,,0,,,,,0,,,,,,,,,,,,,,,,,,,,,,,,,,,
Speed,93,,,24.6781,,,,,24.6781,,,,,,,,,,,,,,,,,,,,,,,,,,,
Up Node,94,,,93,,,,,,,,,,,,,,,,,,,,,,,,,103,,,,,,,
Dest Node,94,,,103,,,,,,,,,,,,,,,,,,,,,,,,,93,,,,,,,
StreetName,94,,,500 West,,,,,,,,,,,,,,,,,,,,,,,,,500 West,,,,,,,
TurnVolume,94,,,0,,,,,,,,,,,,,,,,,,,,,,,,,0,,,,,,,
Lanes,94,,,1,,,,,,,,,,,,,,,,,,,,,,,,,1,,,,,,,
Shared,94,,,0,,,,,,,,,,,,,,,,,,,,,,,,,0,,,,,,,
Width,94,,,12,,,,,,,,,,,,,,,,,,,,,,,,,12,,,,,,,
Storage,94,,,0,,,,,,,,,,,,,,,,,,,,,,,,,0,,,,,,,
StLanes,94,,,0,,,,,,,,,,,,,,,,,,,,,,,,,0,,,,,,,
Grade,94,,,0,,,,,,,,,,,,,,,,,,,,,,,,,0,,,,,,,
Speed,94,,,24.6781,,,,,,,,,,,,,,,,,,,,,,,,,24.6781,,,,,,,
Up Node,95,,,139,139,,,106,106,,,,,,,,,102,,102,,,,,,,,,,,,,,,,
Dest Node,95,,,106,102,,,102,139,,,,,,,,,139,,106,,,,,,,,,,,,,,,,
StreetName,95,,,700 West,,,,500 West,500 West,,,,,,,,,500 West,,,,,,,,,,,,,,,,,,
TurnVolume,95,,,0,0,,,0,0,,,,,,,,,0,,0,,,,,,,,,,,,,,,,
Lanes,95,,,1,0,,,1,1,,,,,,,,,1,,0,,,,,,,,,,,,,,,,
Shared,95,,,0,0,,,0,0,,,,,,,,,0,,0,,,,,,,,,,,,,,,,
Width,95,,,12,12,,,12,12,,,,,,,,,12,,12,,,,,,,,,,,,,,,,
Storage,95,,,0,0,,,0,0,,,,,,,,,0,,0,,,,,,,,,,,,,,,,
StLanes,95,,,0,0,,,0,0,,,,,,,,,0,,0,,,,,,,,,,,,,,,,
Grade,95,,,0,0,,,0,0,,,,,,,,,0,,0,,,,,,,,,,,,,,,,
Speed,95,,,24.6781,24.6781,,,24.6781,24.6781,,,,,,,,,24.6781,,24.6781,,,,,,,,,,,,,,,,
Up Node,96,,80,80,,,,,101,101,,,137,,137,,,,,,,,,,,,,,,,,,,,,
Dest Node,96,,137,101,,,,,80,137,,,101,,80,,,,,,,,,,,,,,,,,,,,,
StreetName,96,,500 West,500 West,,,,,500 West,,,,9400 Sout,,,,,,,,,,,,,,,,,,,,,,,
TurnVolume,96,,0,0,,,,,0,0,,,0,,0,,,,,,,,,,,,,,,,,,,,,
Lanes,96,,1,1,,,,,1,0,,,1,,0,,,,,,,,,,,,,,,,,,,,,
Shared,96,,0,0,,,,,0,0,,,0,,0,,,,,,,,,,,,,,,,,,,,,
Width,96,,12,12,,,,,12,12,,,12,,12,,,,,,,,,,,,,,,,,,,,,
Storage,96,,0,0,,,,,0,0,,,0,,0,,,,,,,,,,,,,,,,,,,,,
StLanes,96,,0,0,,,,,0,0,,,0,,0,,,,,,,,,,,,,,,,,,,,,
Grade,96,,0,0,,,,,0,0,,,0,,0,,,,,,,,,,,,,,,,,,,,,
Speed,96,,24.6781,24.6781,,,,,24.6781,24.6781,,,30.045,,30.045,,,,,,,,,,,,,,,,,,,,,
Up Node,97,,,,,,,,,,,,,,,,,,,,,,,,,,,,,,,,,,,
Dest Node,97,,,,,,,,,,,,,,,,,,,,,,,,,,,,,,,,,,,
StreetName,97,,,,,,,,,,,,,,,,,,,,,,,,,,,,,,,,,,,
TurnVolume,97,,,,,,,,,,,,,,,,,,,,,,,,,,,,,,,,,,,
Lanes,97,,,,,,,,,,,,,,,,,,,,,,,,,,,,,,,,,,,
Shared,97,,,,,,,,,,,,,,,,,,,,,,,,,,,,,,,,,,,
Width,97,,,,,,,,,,,,,,,,,,,,,,,,,,,,,,,,,,,
Storage,97,,,,,,,,,,,,,,,,,,,,,,,,,,,,,,,,,,,
StLanes,97,,,,,,,,,,,,,,,,,,,,,,,,,,,,,,,,,,,
Grade,97,,,,,,,,,,,,,,,,,,,,,,,,,,,,,,,,,,,
Speed,97,,,,,,,,,,,,,,,,,,,,,,,,,,,,,,,,,,,
Up Node,98,,,,,,,,,,,,,,,,,,,,,,,,,,,,,,,,,,,
Dest Node,98,,,,,,,,,,,,,,,,,,,,,,,,,,,,,,,,,,,
StreetName,98,,,,,,,,,,,,,,,,,,,,,,,,,,,,,,,,,,,
TurnVolume,98,,,,,,,,,,,,,,,,,,,,,,,,,,,,,,,,,,,
Lanes,98,,,,,,,,,,,,,,,,,,,,,,,,,,,,,,,,,,,
Shared,98,,,,,,,,,,,,,,,,,,,,,,,,,,,,,,,,,,,
Width,98,,,,,,,,,,,,,,,,,,,,,,,,,,,,,,,,,,,
Storage,98,,,,,,,,,,,,,,,,,,,,,,,,,,,,,,,,,,,
StLanes,98,,,,,,,,,,,,,,,,,,,,,,,,,,,,,,,,,,,
Grade,98,,,,,,,,,,,,,,,,,,,,,,,,,,,,,,,,,,,
Speed,98,,,,,,,,,,,,,,,,,,,,,,,,,,,,,,,,,,,
Up Node,99,,,89,89,,,82,82,,,,,,,,,137,,137,,,,,,,,,,,,,,,,
Dest Node,99,,,82,137,,,137,89,,,,,,,,,89,,82,,,,,,,,,,,,,,,,
StreetName,99,,,700 West,,,,700 West,700 West,,,,,,,,,9400 Sout,,,,,,,,,,,,,,,,,,
TurnVolume,99,,,0,0,,,0,0,,,,,,,,,0,,0,,,,,,,,,,,,,,,,
Lanes,99,,,1,0,,,1,1,,,,,,,,,1,,0,,,,,,,,,,,,,,,,
Shared,99,,,0,0,,,0,0,,,,,,,,,0,,0,,,,,,,,,,,,,,,,
Width,99,,,12,12,,,12,12,,,,,,,,,12,,12,,,,,,,,,,,,,,,,
Storage,99,,,0,0,,,0,0,,,,,,,,,0,,0,,,,,,,,,,,,,,,,
StLanes,99,,,0,0,,,0,0,,,,,,,,,0,,0,,,,,,,,,,,,,,,,
Grade,99,,,0,0,,,0,0,,,,,,,,,0,,0,,,,,,,,,,,,,,,,
Speed,99,,,29.3232,29.3232,,,24.6781,24.6781,,,,,,,,,35.3636,,35.3636,,,,,,,,,,,,,,,,
Up Node,100,,,,,,,,,,,,,,,,,,,,,,,,,,,,,,,,,,,
Dest Node,100,,,,,,,,,,,,,,,,,,,,,,,,,,,,,,,,,,,
StreetName,100,,,,,,,,,,,,,,,,,,,,,,,,,,,,,,,,,,,
TurnVolume,100,,,,,,,,,,,,,,,,,,,,,,,,,,,,,,,,,,,
Lanes,100,,,,,,,,,,,,,,,,,,,,,,,,,,,,,,,,,,,
Shared,100,,,,,,,,,,,,,,,,,,,,,,,,,,,,,,,,,,,
Width,100,,,,,,,,,,,,,,,,,,,,,,,,,,,,,,,,,,,
Storage,100,,,,,,,,,,,,,,,,,,,,,,,,,,,,,,,,,,,
StLanes,100,,,,,,,,,,,,,,,,,,,,,,,,,,,,,,,,,,,
Grade,100,,,,,,,,,,,,,,,,,,,,,,,,,,,,,,,,,,,
Speed,100,,,,,,,,,,,,,,,,,,,,,,,,,,,,,,,,,,,
Up Node,101,,,96,,,,,32,,,,,,,,,,,,,,,,,,,,,,,,,,,
Dest Node,101,,,32,,,,,96,,,,,,,,,,,,,,,,,,,,,,,,,,,
StreetName,101,,,500 West,,,,,500 West,,,,,,,,,,,,,,,,,,,,,,,,,,,
TurnVolume,101,,,0,,,,,0,,,,,,,,,,,,,,,,,,,,,,,,,,,
Lanes,101,,,1,,,,,1,,,,,,,,,,,,,,,,,,,,,,,,,,,
Shared,101,,,0,,,,,0,,,,,,,,,,,,,,,,,,,,,,,,,,,
Width,101,,,12,,,,,12,,,,,,,,,,,,,,,,,,,,,,,,,,,
Storage,101,,,0,,,,,0,,,,,,,,,,,,,,,,,,,,,,,,,,,
StLanes,101,,,0,,,,,0,,,,,,,,,,,,,,,,,,,,,,,,,,,
Grade,101,,,0,,,,,0,,,,,,,,,,,,,,,,,,,,,,,,,,,
Speed,101,,,24.6781,,,,,24.6781,,,,,,,,,,,,,,,,,,,,,,,,,,,
Up Node,102,,,,,,,,,,,,,95,,,,32,32,,,,,,,27,27,,,,,,,,,
Dest Node,102,,,,,,,,,,,,,32,,,,27,95,,,,,,,95,32,,,,,,,,,
StreetName,102,,,,,,,,,,,,,500 West,,,,500 West,500 West,,,,,,,Cent,,,,,,,,,,
TurnVolume,102,,,,,,,,,,,,,0,,,,0,0,,,,,,,0,0,,,,,,,,,
Lanes,102,,,,,,,,,,,,,1,,,,1,1,,,,,,,7,0,,,,,,,,,
Shared,102,,,,,,,,,,,,,0,,,,0,0,,,,,,,0,0,,,,,,,,,
Width,102,,,,,,,,,,,,,12,,,,12,12,,,,,,,12,12,,,,,,,,,
Storage,102,,,,,,,,,,,,,0,,,,0,0,,,,,,,0,0,,,,,,,,,
StLanes,102,,,,,,,,,,,,,0,,,,0,0,,,,,,,0,0,,,,,,,,,
Grade,102,,,,,,,,,,,,,0,,,,0,0,,,,,,,0,0,,,,,,,,,
Speed,102,,,,,,,,,,,,,24.6781,,,,24.6781,24.6781,,,,,,,16.2162,16.2162,,,,,,,,,
Up Node,103,,,94,,,,,,,,,,104,,,,,,,,,,,,,,,,,,,,,,
Dest Node,103,,,104,,,,,,,,,,94,,,,,,,,,,,,,,,,,,,,,,
StreetName,103,,,500 West,,,,,,,,,,500 West,,,,,,,,,,,,,,,,,,,,,,
TurnVolume,103,,,0,,,,,,,,,,0,,,,,,,,,,,,,,,,,,,,,,
Lanes,103,,,1,,,,,,,,,,1,,,,,,,,,,,,,,,,,,,,,,
Shared,103,,,0,,,,,,,,,,0,,,,,,,,,,,,,,,,,,,,,,
Width,103,,,12,,,,,,,,,,12,,,,,,,,,,,,,,,,,,,,,,
Storage,103,,,0,,,,,,,,,,0,,,,,,,,,,,,,,,,,,,,,,
StLanes,103,,,0,,,,,,,,,,0,,,,,,,,,,,,,,,,,,,,,,
Grade,103,,,0,,,,,,,,,,0,,,,,,,,,,,,,,,,,,,,,,
Speed,103,,,24.6781,,,,,,,,,,24.6781,,,,,,,,,,,,,,,,,,,,,,
Up Node,104,,,,,,,,,,,,,47,,,,,,,,,,,,103,,,,,,,,,,
Dest Node,104,,,,,,,,,,,,,103,,,,,,,,,,,,47,,,,,,,,,,
StreetName,104,,,,,,,,,,,,,500 West,,,,,,,,,,,,500 West,,,,,,,,,,
TurnVolume,104,,,,,,,,,,,,,0,,,,,,,,,,,,0,,,,,,,,,,
Lanes,104,,,,,,,,,,,,,1,,,,,,,,,,,,1,,,,,,,,,,
Shared,104,,,,,,,,,,,,,0,,,,,,,,,,,,0,,,,,,,,,,
Width,104,,,,,,,,,,,,,12,,,,,,,,,,,,12,,,,,,,,,,
Storage,104,,,,,,,,,,,,,0,,,,,,,,,,,,0,,,,,,,,,,
StLanes,104,,,,,,,,,,,,,0,,,,,,,,,,,,0,,,,,,,,,,
Grade,104,,,,,,,,,,,,,0,,,,,,,,,,,,0,,,,,,,,,,
Speed,104,,,,,,,,,,,,,24.6781,,,,,,,,,,,,24.6781,,,,,,,,,,
Up Node,105,,141,141,,,,,93,93,,,14,,14,,,,,,,,,,,,,,,,,,,,,
Dest Node,105,,14,93,,,,,141,14,,,93,,141,,,,,,,,,,,,,,,,,,,,,
StreetName,105,,500 West,500 West,,,,,500 West,,,,Cent,,,,,,,,,,,,,,,,,,,,,,,
TurnVolume,105,,0,0,,,,,0,0,,,0,,0,,,,,,,,,,,,,,,,,,,,,
Lanes,105,,1,1,,,,,1,0,,,7,,0,,,,,,,,,,,,,,,,,,,,,
Shared,105,,0,0,,,,,0,0,,,0,,0,,,,,,,,,,,,,,,,,,,,,
Width,105,,12,12,,,,,12,12,,,12,,12,,,,,,,,,,,,,,,,,,,,,
Storage,105,,0,0,,,,,0,0,,,0,,0,,,,,,,,,,,,,,,,,,,,,
StLanes,105,,0,0,,,,,0,0,,,0,,0,,,,,,,,,,,,,,,,,,,,,
Grade,105,,0,0,,,,,0,0,,,0,,0,,,,,,,,,,,,,,,,,,,,,
Speed,105,,24.6781,24.6781,,,,,24.6781,24.6781,,,16.2162,,16.2162,,,,,,,,,,,,,,,,,,,,,
Up Node,106,,,,,,,,53,,,,,,,,,,,,,,95,,,,,,,,,,,,,
Dest Node,106,,,,,,,,95,,,,,,,,,,,,,,53,,,,,,,,,,,,,
StreetName,106,,,,,,,,500 West,,,,,,,,,,,,,,500 West,,,,,,,,,,,,,
TurnVolume,106,,,,,,,,0,,,,,,,,,,,,,,0,,,,,,,,,,,,,
Lanes,106,,,,,,,,1,,,,,,,,,,,,,,1,,,,,,,,,,,,,
Shared,106,,,,,,,,0,,,,,,,,,,,,,,0,,,,,,,,,,,,,
Width,106,,,,,,,,12,,,,,,,,,,,,,,12,,,,,,,,,,,,,
Storage,106,,,,,,,,0,,,,,,,,,,,,,,0,,,,,,,,,,,,,
StLanes,106,,,,,,,,0,,,,,,,,,,,,,,0,,,,,,,,,,,,,
Grade,106,,,,,,,,0,,,,,,,,,,,,,,0,,,,,,,,,,,,,
Speed,106,,,,,,,,24.6781,,,,,,,,,,,,,,24.6781,,,,,,,,,,,,,
Up Node,107,,,75,,,,,91,,,,,,,,,,,,,,,,,,,,,,,,,,,
Dest Node,107,,,91,,,,,75,,,,,,,,,,,,,,,,,,,,,,,,,,,
StreetName,107,,,1000 West,,,,,1000 West,,,,,,,,,,,,,,,,,,,,,,,,,,,
TurnVolume,107,,,0,,,,,0,,,,,,,,,,,,,,,,,,,,,,,,,,,
Lanes,107,,,1,,,,,1,,,,,,,,,,,,,,,,,,,,,,,,,,,
Shared,107,,,0,,,,,0,,,,,,,,,,,,,,,,,,,,,,,,,,,
Width,107,,,12,,,,,12,,,,,,,,,,,,,,,,,,,,,,,,,,,
Storage,107,,,0,,,,,0,,,,,,,,,,,,,,,,,,,,,,,,,,,
StLanes,107,,,0,,,,,0,,,,,,,,,,,,,,,,,,,,,,,,,,,
Grade,107,,,0,,,,,0,,,,,,,,,,,,,,,,,,,,,,,,,,,
Speed,107,,,26.3232,,,,,26.3232,,,,,,,,,,,,,,,,,,,,,,,,,,,
Up Node,108,,,,,,,,,,,,,85,,,,,43,,,,,,,,,,,,,,,,,
Dest Node,108,,,,,,,,,,,,,43,,,,,85,,,,,,,,,,,,,,,,,
StreetName,108,,,,,,,,,,,,,7000 Sout,,,,,7000 Sout,,,,,,,,,,,,,,,,,
TurnVolume,108,,,,,,,,,,,,,0,,,,,0,,,,,,,,,,,,,,,,,
Lanes,108,,,,,,,,,,,,,2,,,,,2,,,,,,,,,,,,,,,,,
Shared,108,,,,,,,,,,,,,0,,,,,0,,,,,,,,,,,,,,,,,
Width,108,,,,,,,,,,,,,12,,,,,12,,,,,,,,,,,,,,,,,
Storage,108,,,,,,,,,,,,,0,,,,,0,,,,,,,,,,,,,,,,,
StLanes,108,,,,,,,,,,,,,0,,,,,0,,,,,,,,,,,,,,,,,
Grade,108,,,,,,,,,,,,,0,,,,,0,,,,,,,,,,,,,,,,,
Speed,108,,,,,,,,,,,,,36.3636,,,,,36.3636,,,,,,,,,,,,,,,,,
Up Node,109,,,,,,,,,,,,,,,,,,,,,,,,,,,,,,,,,,,
Dest Node,109,,,,,,,,,,,,,,,,,,,,,,,,,,,,,,,,,,,
StreetName,109,,,,,,,,,,,,,,,,,,,,,,,,,,,,,,,,,,,
TurnVolume,109,,,,,,,,,,,,,,,,,,,,,,,,,,,,,,,,,,,
Lanes,109,,,,,,,,,,,,,,,,,,,,,,,,,,,,,,,,,,,
Shared,109,,,,,,,,,,,,,,,,,,,,,,,,,,,,,,,,,,,
Width,109,,,,,,,,,,,,,,,,,,,,,,,,,,,,,,,,,,,
Storage,109,,,,,,,,,,,,,,,,,,,,,,,,,,,,,,,,,,,
StLanes,109,,,,,,,,,,,,,,,,,,,,,,,,,,,,,,,,,,,
Grade,109,,,,,,,,,,,,,,,,,,,,,,,,,,,,,,,,,,,
Speed,109,,,,,,,,,,,,,,,,,,,,,,,,,,,,,,,,,,,
Up Node,110,,,,,,,3,,3,,,39,39,39,,,,41,41,,10,10,,,,,,,,,,,,,
Dest Node,110,,,,,,,41,,39,,,3,41,10,,,,39,3,,39,41,,,,,,,,,,,,,
StreetName,110,,,,,,,Cent,,,,,7800 Sout,7800 Sout,,,,,7800 Sout,,,Cent,Cent,,,,,,,,,,,,,
TurnVolume,110,,,,,,,0,,0,,,0,0,0,,,,0,0,,0,0,,,,,,,,,,,,,
Lanes,110,,,,,,,7,,0,,,2,2,0,,,,2,0,,7,7,,,,,,,,,,,,,
Shared,110,,,,,,,0,,0,,,0,0,0,,,,0,0,,0,0,,,,,,,,,,,,,
Width,110,,,,,,,12,,12,,,12,12,12,,,,12,12,,12,12,,,,,,,,,,,,,
Storage,110,,,,,,,0,,0,,,0,0,0,,,,0,0,,0,0,,,,,,,,,,,,,
StLanes,110,,,,,,,0,,0,,,0,0,0,,,,0,0,,0,0,,,,,,,,,,,,,
Grade,110,,,,,,,0,,0,,,0,0,0,,,,0,0,,0,0,,,,,,,,,,,,,
Speed,110,,,,,,,21.1765,,21.1765,,,36.3636,36.3636,36.3636,,,,36.3636,36.3636,,21.1765,21.1765,,,,,,,,,,,,,
Up Node,111,,3,3,3,,,2,2,2,,,69,69,69,,,70,70,70,,,,,,,,,,,,,,,,
Dest Node,111,,69,2,70,,,70,3,69,,,2,70,3,,,3,69,2,,,,,,,,,,,,,,,,
StreetName,111,,Cent,Cent,,,,Cent,Cent,,,,7000 Sout,7000 Sout,,,,7000 Sout,7000 Sout,,,,,,,,,,,,,,,,,
TurnVolume,111,,0,0,0,,,0,0,0,,,0,0,0,,,0,0,0,,,,,,,,,,,,,,,,
Lanes,111,,7,7,0,,,7,7,0,,,2,2,0,,,2,2,0,,,,,,,,,,,,,,,,
Shared,111,,0,0,0,,,0,0,0,,,0,0,0,,,0,0,0,,,,,,,,,,,,,,,,
Width,111,,12,12,12,,,12,12,12,,,12,12,12,,,12,12,12,,,,,,,,,,,,,,,,
Storage,111,,0,0,0,,,0,0,0,,,0,0,0,,,0,0,0,,,,,,,,,,,,,,,,
StLanes,111,,0,0,0,,,0,0,0,,,0,0,0,,,0,0,0,,,,,,,,,,,,,,,,
Grade,111,,0,0,0,,,0,0,0,,,0,0,0,,,0,0,0,,,,,,,,,,,,,,,,
Speed,111,,21.1765,21.1765,21.1765,,,21.1765,21.1765,21.1765,,,36.3636,36.3636,36.3636,,,36.3636,36.3636,36.3636,,,,,,,,,,,,,,,,
Up Node,112,,,,,,,,,,,,,113,,,,,71,,,,,,,,,,,,,,,,,
Dest Node,112,,,,,,,,,,,,,71,,,,,113,,,,,,,,,,,,,,,,,
StreetName,112,,,,,,,,,,,,,7000 Sout,,,,,7000 Sout,,,,,,,,,,,,,,,,,
TurnVolume,112,,,,,,,,,,,,,0,,,,,0,,,,,,,,,,,,,,,,,
Lanes,112,,,,,,,,,,,,,2,,,,,2,,,,,,,,,,,,,,,,,
Shared,112,,,,,,,,,,,,,0,,,,,0,,,,,,,,,,,,,,,,,
Width,112,,,,,,,,,,,,,12,,,,,12,,,,,,,,,,,,,,,,,
Storage,112,,,,,,,,,,,,,0,,,,,0,,,,,,,,,,,,,,,,,
StLanes,112,,,,,,,,,,,,,0,,,,,0,,,,,,,,,,,,,,,,,
Grade,112,,,,,,,,,,,,,0,,,,,0,,,,,,,,,,,,,,,,,
Speed,112,,,,,,,,,,,,,36.3636,,,,,36.3636,,,,,,,,,,,,,,,,,
Up Node,113,,,,,,,,,,,,,70,,,,,112,,,,,,,,,,,,,,,,,
Dest Node,113,,,,,,,,,,,,,112,,,,,70,,,,,,,,,,,,,,,,,
StreetName,113,,,,,,,,,,,,,7000 Sout,,,,,7000 Sout,,,,,,,,,,,,,,,,,
TurnVolume,113,,,,,,,,,,,,,0,,,,,0,,,,,,,,,,,,,,,,,
Lanes,113,,,,,,,,,,,,,2,,,,,2,,,,,,,,,,,,,,,,,
Shared,113,,,,,,,,,,,,,0,,,,,0,,,,,,,,,,,,,,,,,
Width,113,,,,,,,,,,,,,12,,,,,12,,,,,,,,,,,,,,,,,
Storage,113,,,,,,,,,,,,,0,,,,,0,,,,,,,,,,,,,,,,,
StLanes,113,,,,,,,,,,,,,0,,,,,0,,,,,,,,,,,,,,,,,
Grade,113,,,,,,,,,,,,,0,,,,,0,,,,,,,,,,,,,,,,,
Speed,113,,,,,,,,,,,,,36.3636,,,,,36.3636,,,,,,,,,,,,,,,,,
Up Node,114,,,,,,,,,,,,,43,,,,,45,,,,,,,,,,,,,,,,,
Dest Node,114,,,,,,,,,,,,,45,,,,,43,,,,,,,,,,,,,,,,,
StreetName,114,,,,,,,,,,,,,7200 Sout,,,,,7200 Sout,,,,,,,,,,,,,,,,,
TurnVolume,114,,,,,,,,,,,,,0,,,,,0,,,,,,,,,,,,,,,,,
Lanes,114,,,,,,,,,,,,,2,,,,,2,,,,,,,,,,,,,,,,,
Shared,114,,,,,,,,,,,,,0,,,,,0,,,,,,,,,,,,,,,,,
Width,114,,,,,,,,,,,,,12,,,,,12,,,,,,,,,,,,,,,,,
Storage,114,,,,,,,,,,,,,0,,,,,0,,,,,,,,,,,,,,,,,
StLanes,114,,,,,,,,,,,,,0,,,,,0,,,,,,,,,,,,,,,,,
Grade,114,,,,,,,,,,,,,0,,,,,0,,,,,,,,,,,,,,,,,
Speed,114,,,,,,,,,,,,,29.0909,,,,,29.0909,,,,,,,,,,,,,,,,,
Up Node,115,,,,,,,6,,6,,,42,42,,,,,44,44,,,,,,,,,,,,,,,,
Dest Node,115,,,,,,,44,,42,,,6,44,,,,,42,6,,,,,,,,,,,,,,,,
StreetName,115,,,,,,,Cent,,,,,Center St,Center St,,,,,Center St,,,,,,,,,,,,,,,,,
TurnVolume,115,,,,,,,0,,0,,,0,0,,,,,0,0,,,,,,,,,,,,,,,,
Lanes,115,,,,,,,7,,0,,,2,2,,,,,2,0,,,,,,,,,,,,,,,,
Shared,115,,,,,,,0,,0,,,0,0,,,,,0,0,,,,,,,,,,,,,,,,
Width,115,,,,,,,12,,12,,,12,12,,,,,12,12,,,,,,,,,,,,,,,,
Storage,115,,,,,,,0,,0,,,0,0,,,,,0,0,,,,,,,,,,,,,,,,
StLanes,115,,,,,,,0,,0,,,0,0,,,,,0,0,,,,,,,,,,,,,,,,
Grade,115,,,,,,,0,,0,,,0,0,,,,,0,0,,,,,,,,,,,,,,,,
Speed,115,,,,,,,21.1765,,21.1765,,,36.3636,36.3636,,,,,36.3636,36.3636,,,,,,,,,,,,,,,,
Up Node,116,,83,83,,,,,39,39,,,7,,7,,,,,,,,,,,,,,,,,,,,,
Dest Node,116,,7,39,,,,,83,7,,,39,,83,,,,,,,,,,,,,,,,,,,,,
StreetName,116,,Redwood R,Redwood R,,,,,Redwood R,,,,Cent,,,,,,,,,,,,,,,,,,,,,,,
TurnVolume,116,,0,0,,,,,0,0,,,0,,0,,,,,,,,,,,,,,,,,,,,,
Lanes,116,,3,3,,,,,3,0,,,7,,0,,,,,,,,,,,,,,,,,,,,,
Shared,116,,0,0,,,,,0,0,,,0,,0,,,,,,,,,,,,,,,,,,,,,
Width,116,,12,12,,,,,12,12,,,12,,12,,,,,,,,,,,,,,,,,,,,,
Storage,116,,0,0,,,,,0,0,,,0,,0,,,,,,,,,,,,,,,,,,,,,
StLanes,116,,0,0,,,,,0,0,,,0,,0,,,,,,,,,,,,,,,,,,,,,
Grade,116,,0,0,,,,,0,0,,,0,,0,,,,,,,,,,,,,,,,,,,,,
Speed,116,,43.5165,43.5165,,,,,43.5165,43.5165,,,21.1765,,21.1765,,,,,,,,,,,,,,,,,,,,,
Up Node,117,,,84,,,,,41,,,,,,,,,,,,,,,,,,,,,,,,,,,
Dest Node,117,,,41,,,,,84,,,,,,,,,,,,,,,,,,,,,,,,,,,
StreetName,117,,,1300 West,,,,,1300 West,,,,,,,,,,,,,,,,,,,,,,,,,,,
TurnVolume,117,,,0,,,,,0,,,,,,,,,,,,,,,,,,,,,,,,,,,
Lanes,117,,,1,,,,,1,,,,,,,,,,,,,,,,,,,,,,,,,,,
Shared,117,,,0,,,,,0,,,,,,,,,,,,,,,,,,,,,,,,,,,
Width,117,,,12,,,,,12,,,,,,,,,,,,,,,,,,,,,,,,,,,
Storage,117,,,0,,,,,0,,,,,,,,,,,,,,,,,,,,,,,,,,,
StLanes,117,,,0,,,,,0,,,,,,,,,,,,,,,,,,,,,,,,,,,
Grade,117,,,0,,,,,0,,,,,,,,,,,,,,,,,,,,,,,,,,,
Speed,117,,,32.2555,,,,,32.2555,,,,,,,,,,,,,,,,,,,,,,,,,,,
Up Node,118,,50,50,50,,,83,83,83,,,8,8,8,,,11,11,11,,,,,,,,,,,,,,,,
Dest Node,118,,8,83,11,,,11,50,8,,,83,11,50,,,50,8,83,,,,,,,,,,,,,,,,
StreetName,118,,Redwood R,Redwood R,,,,Redwood R,Redwood R,,,,Cent,Cent,,,,Cent,Cent,,,,,,,,,,,,,,,,,
TurnVolume,118,,0,0,0,,,0,0,0,,,0,0,0,,,0,0,0,,,,,,,,,,,,,,,,
Lanes,118,,3,3,0,,,3,3,0,,,7,7,0,,,7,7,0,,,,,,,,,,,,,,,,
Shared,118,,0,0,0,,,0,0,0,,,0,0,0,,,0,0,0,,,,,,,,,,,,,,,,
Width,118,,12,12,12,,,12,12,12,,,12,12,12,,,12,12,12,,,,,,,,,,,,,,,,
Storage,118,,0,0,0,,,0,0,0,,,0,0,0,,,0,0,0,,,,,,,,,,,,,,,,
StLanes,118,,0,0,0,,,0,0,0,,,0,0,0,,,0,0,0,,,,,,,,,,,,,,,,
Grade,118,,0,0,0,,,0,0,0,,,0,0,0,,,0,0,0,,,,,,,,,,,,,,,,
Speed,118,,43.5165,43.5165,43.5165,,,43.5165,43.5165,43.5165,,,21.1765,21.1765,21.1765,,,21.1765,21.1765,21.1765,,,,,,,,,,,,,,,,
Up Node,119,,,48,,,,,42,,,,,,,,,,,,,,,,,,,,,,,,,,,
Dest Node,119,,,42,,,,,48,,,,,,,,,,,,,,,,,,,,,,,,,,,
StreetName,119,,,700 West,,,,,700 West,,,,,,,,,,,,,,,,,,,,,,,,,,,
TurnVolume,119,,,0,,,,,0,,,,,,,,,,,,,,,,,,,,,,,,,,,
Lanes,119,,,1,,,,,1,,,,,,,,,,,,,,,,,,,,,,,,,,,
Shared,119,,,0,,,,,0,,,,,,,,,,,,,,,,,,,,,,,,,,,
Width,119,,,12,,,,,12,,,,,,,,,,,,,,,,,,,,,,,,,,,
Storage,119,,,0,,,,,0,,,,,,,,,,,,,,,,,,,,,,,,,,,
StLanes,119,,,0,,,,,0,,,,,,,,,,,,,,,,,,,,,,,,,,,
Grade,119,,,0,,,,,0,,,,,,,,,,,,,,,,,,,,,,,,,,,
Speed,119,,,29.3232,,,,,29.3232,,,,,,,,,,,,,,,,,,,,,,,,,,,
Up Node,120,,,,,,,,,,,,,,,,,,,,,,,,,,,,,,,,,,,
Dest Node,120,,,,,,,,,,,,,,,,,,,,,,,,,,,,,,,,,,,
StreetName,120,,,,,,,,,,,,,,,,,,,,,,,,,,,,,,,,,,,
TurnVolume,120,,,,,,,,,,,,,,,,,,,,,,,,,,,,,,,,,,,
Lanes,120,,,,,,,,,,,,,,,,,,,,,,,,,,,,,,,,,,,
Shared,120,,,,,,,,,,,,,,,,,,,,,,,,,,,,,,,,,,,
Width,120,,,,,,,,,,,,,,,,,,,,,,,,,,,,,,,,,,,
Storage,120,,,,,,,,,,,,,,,,,,,,,,,,,,,,,,,,,,,
StLanes,120,,,,,,,,,,,,,,,,,,,,,,,,,,,,,,,,,,,
Grade,120,,,,,,,,,,,,,,,,,,,,,,,,,,,,,,,,,,,
Speed,120,,,,,,,,,,,,,,,,,,,,,,,,,,,,,,,,,,,
Up Node,121,,,,,,,,,,,,,,,,,,,,,,,,,,,,,,,,,,,
Dest Node,121,,,,,,,,,,,,,,,,,,,,,,,,,,,,,,,,,,,
StreetName,121,,,,,,,,,,,,,,,,,,,,,,,,,,,,,,,,,,,
TurnVolume,121,,,,,,,,,,,,,,,,,,,,,,,,,,,,,,,,,,,
Lanes,121,,,,,,,,,,,,,,,,,,,,,,,,,,,,,,,,,,,
Shared,121,,,,,,,,,,,,,,,,,,,,,,,,,,,,,,,,,,,
Width,121,,,,,,,,,,,,,,,,,,,,,,,,,,,,,,,,,,,
Storage,121,,,,,,,,,,,,,,,,,,,,,,,,,,,,,,,,,,,
StLanes,121,,,,,,,,,,,,,,,,,,,,,,,,,,,,,,,,,,,
Grade,121,,,,,,,,,,,,,,,,,,,,,,,,,,,,,,,,,,,
Speed,121,,,,,,,,,,,,,,,,,,,,,,,,,,,,,,,,,,,
Up Node,122,,49,49,,,,,50,50,,,9,,9,,,,,,,,,,,,,,,,,,,,,
Dest Node,122,,9,50,,,,,49,9,,,50,,49,,,,,,,,,,,,,,,,,,,,,
StreetName,122,,Redwood R,Redwood R,,,,,Redwood R,,,,Cent,,,,,,,,,,,,,,,,,,,,,,,
TurnVolume,122,,0,0,,,,,0,0,,,0,,0,,,,,,,,,,,,,,,,,,,,,
Lanes,122,,3,3,,,,,3,0,,,7,,0,,,,,,,,,,,,,,,,,,,,,
Shared,122,,0,0,,,,,0,0,,,0,,0,,,,,,,,,,,,,,,,,,,,,
Width,122,,12,12,,,,,12,12,,,12,,12,,,,,,,,,,,,,,,,,,,,,
Storage,122,,0,0,,,,,0,0,,,0,,0,,,,,,,,,,,,,,,,,,,,,
StLanes,122,,0,0,,,,,0,0,,,0,,0,,,,,,,,,,,,,,,,,,,,,
Grade,122,,0,0,,,,,0,0,,,0,,0,,,,,,,,,,,,,,,,,,,,,
Speed,122,,43.5165,43.5165,,,,,43.5165,43.5165,,,21.1765,,21.1765,,,,,,,,,,,,,,,,,,,,,
Up Node,123,,51,51,,,,,46,46,,,12,,12,,,,,,,,,,,,,,,,,,,,,
Dest Node,123,,12,46,,,,,51,12,,,46,,51,,,,,,,,,,,,,,,,,,,,,
StreetName,123,,1300 West,1300 West,,,,,1300 West,,,,Cent,,,,,,,,,,,,,,,,,,,,,,,
TurnVolume,123,,0,0,,,,,0,0,,,0,,0,,,,,,,,,,,,,,,,,,,,,
Lanes,123,,1,1,,,,,1,0,,,7,,0,,,,,,,,,,,,,,,,,,,,,
Shared,123,,0,0,,,,,0,0,,,0,,0,,,,,,,,,,,,,,,,,,,,,
Width,123,,12,12,,,,,12,12,,,12,,12,,,,,,,,,,,,,,,,,,,,,
Storage,123,,0,0,,,,,0,0,,,0,,0,,,,,,,,,,,,,,,,,,,,,
StLanes,123,,0,0,,,,,0,0,,,0,,0,,,,,,,,,,,,,,,,,,,,,
Grade,123,,0,0,,,,,0,0,,,0,,0,,,,,,,,,,,,,,,,,,,,,
Speed,123,,32.2555,32.2555,,,,,32.2555,32.2555,,,21.1765,,21.1765,,,,,,,,,,,,,,,,,,,,,
Up Node,124,,59,59,59,,,49,49,49,,,15,15,15,,,20,20,20,,,,,,,,,,,,,,,,
Dest Node,124,,15,49,20,,,20,59,15,,,49,20,59,,,59,15,49,,,,,,,,,,,,,,,,
StreetName,124,,Redwood R,Redwood R,,,,Redwood R,Redwood R,,,,Cent,Cent,,,,Cent,Cent,,,,,,,,,,,,,,,,,
TurnVolume,124,,0,0,0,,,0,0,0,,,0,0,0,,,0,0,0,,,,,,,,,,,,,,,,
Lanes,124,,2,2,0,,,2,2,0,,,7,7,0,,,7,7,0,,,,,,,,,,,,,,,,
Shared,124,,0,0,0,,,0,0,0,,,0,0,0,,,0,0,0,,,,,,,,,,,,,,,,
Width,124,,12,12,12,,,12,12,12,,,12,12,12,,,12,12,12,,,,,,,,,,,,,,,,
Storage,124,,0,0,0,,,0,0,0,,,0,0,0,,,0,0,0,,,,,,,,,,,,,,,,
StLanes,124,,0,0,0,,,0,0,0,,,0,0,0,,,0,0,0,,,,,,,,,,,,,,,,
Grade,124,,0,0,0,,,0,0,0,,,0,0,0,,,0,0,0,,,,,,,,,,,,,,,,
Speed,124,,39.5604,39.5604,39.5604,,,39.5604,39.5604,39.5604,,,21.1765,21.1765,21.1765,,,21.1765,21.1765,21.1765,,,,,,,,,,,,,,,,
Up Node,125,,64,64,64,,,51,51,51,,,20,20,20,,,21,21,21,,,,,,,,,,,,,,,,
Dest Node,125,,20,51,21,,,21,64,20,,,51,21,64,,,64,20,51,,,,,,,,,,,,,,,,
StreetName,125,,1300 West,1300 West,,,,1300 West,1300 West,,,,Cent,Cent,,,,Cent,Cent,,,,,,,,,,,,,,,,,
TurnVolume,125,,0,0,0,,,0,0,0,,,0,0,0,,,0,0,0,,,,,,,,,,,,,,,,
Lanes,125,,1,1,0,,,1,1,0,,,7,7,0,,,7,7,0,,,,,,,,,,,,,,,,
Shared,125,,0,0,0,,,0,0,0,,,0,0,0,,,0,0,0,,,,,,,,,,,,,,,,
Width,125,,12,12,12,,,12,12,12,,,12,12,12,,,12,12,12,,,,,,,,,,,,,,,,
Storage,125,,0,0,0,,,0,0,0,,,0,0,0,,,0,0,0,,,,,,,,,,,,,,,,
StLanes,125,,0,0,0,,,0,0,0,,,0,0,0,,,0,0,0,,,,,,,,,,,,,,,,
Grade,125,,0,0,0,,,0,0,0,,,0,0,0,,,0,0,0,,,,,,,,,,,,,,,,
Speed,125,,29.3232,29.3232,29.3232,,,29.3232,29.3232,29.3232,,,21.1765,21.1765,21.1765,,,16.2162,16.2162,16.2162,,,,,,,,,,,,,,,,
Up Node,126,,,,,,,,,,,,,,,,,,,,,,,,,,,,,,,,,,,
Dest Node,126,,,,,,,,,,,,,,,,,,,,,,,,,,,,,,,,,,,
StreetName,126,,,,,,,,,,,,,,,,,,,,,,,,,,,,,,,,,,,
TurnVolume,126,,,,,,,,,,,,,,,,,,,,,,,,,,,,,,,,,,,
Lanes,126,,,,,,,,,,,,,,,,,,,,,,,,,,,,,,,,,,,
Shared,126,,,,,,,,,,,,,,,,,,,,,,,,,,,,,,,,,,,
Width,126,,,,,,,,,,,,,,,,,,,,,,,,,,,,,,,,,,,
Storage,126,,,,,,,,,,,,,,,,,,,,,,,,,,,,,,,,,,,
StLanes,126,,,,,,,,,,,,,,,,,,,,,,,,,,,,,,,,,,,
Grade,126,,,,,,,,,,,,,,,,,,,,,,,,,,,,,,,,,,,
Speed,126,,,,,,,,,,,,,,,,,,,,,,,,,,,,,,,,,,,
Up Node,127,,19,,19,,,,17,17,,,60,60,60,,,,,,,,,,128,128,,,,,,,,,,
Dest Node,127,,60,,128,,,,128,60,,,17,128,19,,,,,,,,,,19,60,,,,,,,,,,
StreetName,127,,Cent,,,,,,Cent,,,,9800 Sout,9800 Sout,,,,,,,,,,,9800 Sout,9800 Sout,,,,,,,,,,
TurnVolume,127,,0,,0,,,,0,0,,,0,0,0,,,,,,,,,,0,0,,,,,,,,,,
Lanes,127,,7,,0,,,,7,0,,,1,1,0,,,,,,,,,,1,1,,,,,,,,,,
Shared,127,,0,,0,,,,0,0,,,0,0,0,,,,,,,,,,0,0,,,,,,,,,,
Width,127,,12,,12,,,,12,12,,,12,12,12,,,,,,,,,,12,12,,,,,,,,,,
Storage,127,,0,,0,,,,0,0,,,0,0,0,,,,,,,,,,0,0,,,,,,,,,,
StLanes,127,,0,,0,,,,0,0,,,0,0,0,,,,,,,,,,0,0,,,,,,,,,,
Grade,127,,0,,0,,,,0,0,,,0,0,0,,,,,,,,,,0,0,,,,,,,,,,
Speed,127,,21.1765,,21.1765,,,,21.1765,21.1765,,,29.3232,29.3232,29.3232,,,,,,,,,,29.3232,29.3232,,,,,,,,,,
Up Node,128,,,,,,,,,,,,,,,,,,65,,,,,,,,,,127,,,,,,,
Dest Node,128,,,,,,,,,,,,,,,,,,127,,,,,,,,,,65,,,,,,,
StreetName,128,,,,,,,,,,,,,,,,,,9800 Sout,,,,,,,,,,9800 Sout,,,,,,,
TurnVolume,128,,,,,,,,,,,,,,,,,,0,,,,,,,,,,0,,,,,,,
Lanes,128,,,,,,,,,,,,,,,,,,1,,,,,,,,,,1,,,,,,,
Shared,128,,,,,,,,,,,,,,,,,,0,,,,,,,,,,0,,,,,,,
Width,128,,,,,,,,,,,,,,,,,,12,,,,,,,,,,12,,,,,,,
Storage,128,,,,,,,,,,,,,,,,,,0,,,,,,,,,,0,,,,,,,
StLanes,128,,,,,,,,,,,,,,,,,,0,,,,,,,,,,0,,,,,,,
Grade,128,,,,,,,,,,,,,,,,,,0,,,,,,,,,,0,,,,,,,
Speed,128,,,,,,,,,,,,,,,,,,29.3232,,,,,,,,,,29.3232,,,,,,,
Up Node,129,,23,23,23,,,22,22,22,,,65,65,65,,,62,62,62,,,,,,,,,,,,,,,,
Dest Node,129,,65,22,62,,,62,23,65,,,22,62,23,,,23,65,22,,,,,,,,,,,,,,,,
StreetName,129,,Cent,Cent,,,,Cent,Cent,,,,9800 Sout,9800 Sout,,,,9800 Sout,9800 Sout,,,,,,,,,,,,,,,,,
TurnVolume,129,,0,0,0,,,0,0,0,,,0,0,0,,,0,0,0,,,,,,,,,,,,,,,,
Lanes,129,,7,7,0,,,7,7,0,,,1,1,0,,,1,1,0,,,,,,,,,,,,,,,,
Shared,129,,0,0,0,,,0,0,0,,,0,0,0,,,0,0,0,,,,,,,,,,,,,,,,
Width,129,,12,12,12,,,12,12,12,,,12,12,12,,,12,12,12,,,,,,,,,,,,,,,,
Storage,129,,0,0,0,,,0,0,0,,,0,0,0,,,0,0,0,,,,,,,,,,,,,,,,
StLanes,129,,0,0,0,,,0,0,0,,,0,0,0,,,0,0,0,,,,,,,,,,,,,,,,
Grade,129,,0,0,0,,,0,0,0,,,0,0,0,,,0,0,0,,,,,,,,,,,,,,,,
Speed,129,,21.1765,21.1765,21.1765,,,21.1765,21.1765,21.1765,,,29.3232,29.3232,29.3232,,,29.3232,29.3232,29.3232,,,,,,,,,,,,,,,,
Up Node,130,,,,,,,,,,,,,76,,,,,,,,,,,,132,,,,,,,,,,
Dest Node,130,,,,,,,,,,,,,132,,,,,,,,,,,,76,,,,,,,,,,
StreetName,130,,,,,,,,,,,,,9800 Sout,,,,,,,,,,,,9800 Sout,,,,,,,,,,
TurnVolume,130,,,,,,,,,,,,,0,,,,,,,,,,,,0,,,,,,,,,,
Lanes,130,,,,,,,,,,,,,1,,,,,,,,,,,,1,,,,,,,,,,
Shared,130,,,,,,,,,,,,,0,,,,,,,,,,,,0,,,,,,,,,,
Width,130,,,,,,,,,,,,,12,,,,,,,,,,,,12,,,,,,,,,,
Storage,130,,,,,,,,,,,,,0,,,,,,,,,,,,0,,,,,,,,,,
StLanes,130,,,,,,,,,,,,,0,,,,,,,,,,,,0,,,,,,,,,,
Grade,130,,,,,,,,,,,,,0,,,,,,,,,,,,0,,,,,,,,,,
Speed,130,,,,,,,,,,,,,24.6781,,,,,,,,,,,,24.6781,,,,,,,,,,
Up Node,131,,,,,,,,,,,,,52,,,,,53,,,,,,,,,,,,,,,,,
Dest Node,131,,,,,,,,,,,,,53,,,,,52,,,,,,,,,,,,,,,,,
StreetName,131,,,,,,,,,,,,,9000 Sout,,,,,9000 Sout,,,,,,,,,,,,,,,,,
TurnVolume,131,,,,,,,,,,,,,0,,,,,0,,,,,,,,,,,,,,,,,
Lanes,131,,,,,,,,,,,,,2,,,,,2,,,,,,,,,,,,,,,,,
Shared,131,,,,,,,,,,,,,0,,,,,0,,,,,,,,,,,,,,,,,
Width,131,,,,,,,,,,,,,12,,,,,12,,,,,,,,,,,,,,,,,
Storage,131,,,,,,,,,,,,,0,,,,,0,,,,,,,,,,,,,,,,,
StLanes,131,,,,,,,,,,,,,0,,,,,0,,,,,,,,,,,,,,,,,
Grade,131,,,,,,,,,,,,,0,,,,,0,,,,,,,,,,,,,,,,,
Speed,131,,,,,,,,,,,,,32.757,,,,,32.757,,,,,,,,,,,,,,,,,
Up Node,132,,,,,,,30,,30,,,,,,,,,56,56,,,,,,,,130,130,,,,,,,
Dest Node,132,,,,,,,56,,130,,,,,,,,,130,30,,,,,,,,30,56,,,,,,,
StreetName,132,,,,,,,Cent,,,,,,,,,,,9800 Sout,,,,,,,,,9800 Sout,9800 Sout,,,,,,,
TurnVolume,132,,,,,,,0,,0,,,,,,,,,0,0,,,,,,,,0,0,,,,,,,
Lanes,132,,,,,,,7,,0,,,,,,,,,1,0,,,,,,,,1,1,,,,,,,
Shared,132,,,,,,,0,,0,,,,,,,,,0,0,,,,,,,,0,0,,,,,,,
Width,132,,,,,,,12,,12,,,,,,,,,12,12,,,,,,,,12,12,,,,,,,
Storage,132,,,,,,,0,,0,,,,,,,,,0,0,,,,,,,,0,0,,,,,,,
StLanes,132,,,,,,,0,,0,,,,,,,,,0,0,,,,,,,,0,0,,,,,,,
Grade,132,,,,,,,0,,0,,,,,,,,,0,0,,,,,,,,0,0,,,,,,,
Speed,132,,,,,,,16.2162,,16.2162,,,,,,,,,24.6781,24.6781,,,,,,,,24.6781,24.6781,,,,,,,
Up Node,133,,,,,,,23,,23,,,61,61,,,,,75,75,,,,,,,,,,,,,,,,
Dest Node,133,,,,,,,75,,61,,,23,75,,,,,61,23,,,,,,,,,,,,,,,,
StreetName,133,,,,,,,Cent,,,,,South Jor,South Jor,,,,,South Jor,,,,,,,,,,,,,,,,,
TurnVolume,133,,,,,,,0,,0,,,0,0,,,,,0,0,,,,,,,,,,,,,,,,
Lanes,133,,,,,,,7,,0,,,2,2,,,,,2,0,,,,,,,,,,,,,,,,
Shared,133,,,,,,,0,,0,,,0,0,,,,,0,0,,,,,,,,,,,,,,,,
Width,133,,,,,,,12,,12,,,12,12,,,,,12,12,,,,,,,,,,,,,,,,
Storage,133,,,,,,,0,,0,,,0,0,,,,,0,0,,,,,,,,,,,,,,,,
StLanes,133,,,,,,,0,,0,,,0,0,,,,,0,0,,,,,,,,,,,,,,,,
Grade,133,,,,,,,0,,0,,,0,0,,,,,0,0,,,,,,,,,,,,,,,,
Speed,133,,,,,,,21.1765,,21.1765,,,36.3636,36.3636,,,,,36.3636,36.3636,,,,,,,,,,,,,,,,
Up Node,134,,29,29,29,,,19,19,19,,,57,57,57,,,61,61,61,,,,,,,,,,,,,,,,
Dest Node,134,,57,19,61,,,61,29,57,,,19,61,29,,,29,57,19,,,,,,,,,,,,,,,,
StreetName,134,,Cent,Cent,,,,Cent,Cent,,,,South Jor,South Jor,,,,South Jor,South Jor,,,,,,,,,,,,,,,,,
TurnVolume,134,,0,0,0,,,0,0,0,,,0,0,0,,,0,0,0,,,,,,,,,,,,,,,,
Lanes,134,,7,7,0,,,7,7,0,,,2,2,0,,,2,2,0,,,,,,,,,,,,,,,,
Shared,134,,0,0,0,,,0,0,0,,,0,0,0,,,0,0,0,,,,,,,,,,,,,,,,
Width,134,,12,12,12,,,12,12,12,,,12,12,12,,,12,12,12,,,,,,,,,,,,,,,,
Storage,134,,0,0,0,,,0,0,0,,,0,0,0,,,0,0,0,,,,,,,,,,,,,,,,
StLanes,134,,0,0,0,,,0,0,0,,,0,0,0,,,0,0,0,,,,,,,,,,,,,,,,
Grade,134,,0,0,0,,,0,0,0,,,0,0,0,,,0,0,0,,,,,,,,,,,,,,,,
Speed,134,,21.1765,21.1765,21.1765,,,21.1765,21.1765,21.1765,,,36.3636,36.3636,36.3636,,,36.3636,36.3636,36.3636,,,,,,,,,,,,,,,,
Up Node,135,,,,,,,,,,,,,,,,,,,,,,,,,,,,,,,,,,,
Dest Node,135,,,,,,,,,,,,,,,,,,,,,,,,,,,,,,,,,,,
StreetName,135,,,,,,,,,,,,,,,,,,,,,,,,,,,,,,,,,,,
TurnVolume,135,,,,,,,,,,,,,,,,,,,,,,,,,,,,,,,,,,,
Lanes,135,,,,,,,,,,,,,,,,,,,,,,,,,,,,,,,,,,,
Shared,135,,,,,,,,,,,,,,,,,,,,,,,,,,,,,,,,,,,
Width,135,,,,,,,,,,,,,,,,,,,,,,,,,,,,,,,,,,,
Storage,135,,,,,,,,,,,,,,,,,,,,,,,,,,,,,,,,,,,
StLanes,135,,,,,,,,,,,,,,,,,,,,,,,,,,,,,,,,,,,
Grade,135,,,,,,,,,,,,,,,,,,,,,,,,,,,,,,,,,,,
Speed,135,,,,,,,,,,,,,,,,,,,,,,,,,,,,,,,,,,,
Up Node,136,,,,,,,,,,,,,,,,,,,,,,,,,,,,,,,,,,,
Dest Node,136,,,,,,,,,,,,,,,,,,,,,,,,,,,,,,,,,,,
StreetName,136,,,,,,,,,,,,,,,,,,,,,,,,,,,,,,,,,,,
TurnVolume,136,,,,,,,,,,,,,,,,,,,,,,,,,,,,,,,,,,,
Lanes,136,,,,,,,,,,,,,,,,,,,,,,,,,,,,,,,,,,,
Shared,136,,,,,,,,,,,,,,,,,,,,,,,,,,,,,,,,,,,
Width,136,,,,,,,,,,,,,,,,,,,,,,,,,,,,,,,,,,,
Storage,136,,,,,,,,,,,,,,,,,,,,,,,,,,,,,,,,,,,
StLanes,136,,,,,,,,,,,,,,,,,,,,,,,,,,,,,,,,,,,
Grade,136,,,,,,,,,,,,,,,,,,,,,,,,,,,,,,,,,,,
Speed,136,,,,,,,,,,,,,,,,,,,,,,,,,,,,,,,,,,,
Up Node,137,,,,,,,27,,27,,,99,99,,,,,96,96,,,,,,,,,,,,,,,,
Dest Node,137,,,,,,,96,,99,,,27,96,,,,,99,27,,,,,,,,,,,,,,,,
StreetName,137,,,,,,,Cent,,,,,9400 Sout,9400 Sout,,,,,9400 Sout,,,,,,,,,,,,,,,,,
TurnVolume,137,,,,,,,0,,0,,,0,0,,,,,0,0,,,,,,,,,,,,,,,,
Lanes,137,,,,,,,7,,0,,,1,1,,,,,1,0,,,,,,,,,,,,,,,,
Shared,137,,,,,,,0,,0,,,0,0,,,,,0,0,,,,,,,,,,,,,,,,
Width,137,,,,,,,12,,12,,,12,12,,,,,12,12,,,,,,,,,,,,,,,,
Storage,137,,,,,,,0,,0,,,0,0,,,,,0,0,,,,,,,,,,,,,,,,
StLanes,137,,,,,,,0,,0,,,0,0,,,,,0,0,,,,,,,,,,,,,,,,
Grade,137,,,,,,,0,,0,,,0,0,,,,,0,0,,,,,,,,,,,,,,,,
Speed,137,,,,,,,16.2162,,16.2162,,,35.3636,35.3636,,,,,30.045,30.045,,,,,,,,,,,,,,,,
Up Node,138,,,,63,,,,,,,,,,,,,31,,,,,,,,,,,,,,,,,,
Dest Node,138,,,,31,,,,,,,,,,,,,63,,,,,,,,,,,,,,,,,,
StreetName,138,,,,,,,,,,,,,,,,,300 West,,,,,,,,,,,,,,,,,,
TurnVolume,138,,,,0,,,,,,,,,,,,,0,,,,,,,,,,,,,,,,,,
Lanes,138,,,,0,,,,,,,,,,,,,2,,,,,,,,,,,,,,,,,,
Shared,138,,,,0,,,,,,,,,,,,,0,,,,,,,,,,,,,,,,,,
Width,138,,,,12,,,,,,,,,,,,,12,,,,,,,,,,,,,,,,,,
Storage,138,,,,0,,,,,,,,,,,,,0,,,,,,,,,,,,,,,,,,
StLanes,138,,,,0,,,,,,,,,,,,,0,,,,,,,,,,,,,,,,,,
Grade,138,,,,0,,,,,,,,,,,,,0,,,,,,,,,,,,,,,,,,
Speed,138,,,,25.6781,,,,,,,,,,,,,25.6781,,,,,,,,,,,,,,,,,,
Up Node,139,,,82,,,,,,,,,,,,,,,,,,,,,,,,,,,,95,,,,
Dest Node,139,,,95,,,,,,,,,,,,,,,,,,,,,,,,,,,,82,,,,
StreetName,139,,,700 West,,,,,,,,,,,,,,,,,,,,,,,,,,,,700 West,,,,
TurnVolume,139,,,0,,,,,,,,,,,,,,,,,,,,,,,,,,,,0,,,,
Lanes,139,,,1,,,,,,,,,,,,,,,,,,,,,,,,,,,,1,,,,
Shared,139,,,0,,,,,,,,,,,,,,,,,,,,,,,,,,,,0,,,,
Width,139,,,12,,,,,,,,,,,,,,,,,,,,,,,,,,,,12,,,,
Storage,139,,,0,,,,,,,,,,,,,,,,,,,,,,,,,,,,0,,,,
StLanes,139,,,0,,,,,,,,,,,,,,,,,,,,,,,,,,,,0,,,,
Grade,139,,,0,,,,,,,,,,,,,,,,,,,,,,,,,,,,0,,,,
Speed,139,,,24.6781,,,,,,,,,,,,,,,,,,,,,,,,,,,,24.6781,,,,
Up Node,140,,,,,,,,,,,,,,,,,,,,,,,,,,,,,,,,,,,
Dest Node,140,,,,,,,,,,,,,,,,,,,,,,,,,,,,,,,,,,,
StreetName,140,,,,,,,,,,,,,,,,,,,,,,,,,,,,,,,,,,,
TurnVolume,140,,,,,,,,,,,,,,,,,,,,,,,,,,,,,,,,,,,
Lanes,140,,,,,,,,,,,,,,,,,,,,,,,,,,,,,,,,,,,
Shared,140,,,,,,,,,,,,,,,,,,,,,,,,,,,,,,,,,,,
Width,140,,,,,,,,,,,,,,,,,,,,,,,,,,,,,,,,,,,
Storage,140,,,,,,,,,,,,,,,,,,,,,,,,,,,,,,,,,,,
StLanes,140,,,,,,,,,,,,,,,,,,,,,,,,,,,,,,,,,,,
Grade,140,,,,,,,,,,,,,,,,,,,,,,,,,,,,,,,,,,,
Speed,140,,,,,,,,,,,,,,,,,,,,,,,,,,,,,,,,,,,
Up Node,141,,,53,,,,,105,,,,,,,,,,,,,,,,,,,,,,,,,,,
Dest Node,141,,,105,,,,,53,,,,,,,,,,,,,,,,,,,,,,,,,,,
StreetName,141,,,500 West,,,,,500 West,,,,,,,,,,,,,,,,,,,,,,,,,,,
TurnVolume,141,,,0,,,,,0,,,,,,,,,,,,,,,,,,,,,,,,,,,
Lanes,141,,,1,,,,,1,,,,,,,,,,,,,,,,,,,,,,,,,,,
Shared,141,,,0,,,,,0,,,,,,,,,,,,,,,,,,,,,,,,,,,
Width,141,,,12,,,,,12,,,,,,,,,,,,,,,,,,,,,,,,,,,
Storage,141,,,0,,,,,0,,,,,,,,,,,,,,,,,,,,,,,,,,,
StLanes,141,,,0,,,,,0,,,,,,,,,,,,,,,,,,,,,,,,,,,
Grade,141,,,0,,,,,0,,,,,,,,,,,,,,,,,,,,,,,,,,,
Speed,141,,,24.6781,,,,,24.6781,,,,,,,,,,,,,,,,,,,,,,,,,,,
Up Node,142,,,,,,,,,,,,,,,,,,,,,,,,,,,,,,,,,,,
Dest Node,142,,,,,,,,,,,,,,,,,,,,,,,,,,,,,,,,,,,
StreetName,142,,,,,,,,,,,,,,,,,,,,,,,,,,,,,,,,,,,
TurnVolume,142,,,,,,,,,,,,,,,,,,,,,,,,,,,,,,,,,,,
Lanes,142,,,,,,,,,,,,,,,,,,,,,,,,,,,,,,,,,,,
Shared,142,,,,,,,,,,,,,,,,,,,,,,,,,,,,,,,,,,,
Width,142,,,,,,,,,,,,,,,,,,,,,,,,,,,,,,,,,,,
Storage,142,,,,,,,,,,,,,,,,,,,,,,,,,,,,,,,,,,,
StLanes,142,,,,,,,,,,,,,,,,,,,,,,,,,,,,,,,,,,,
Grade,142,,,,,,,,,,,,,,,,,,,,,,,,,,,,,,,,,,,
Speed,142,,,,,,,,,,,,,,,,,,,,,,,,,,,,,,,,,,,
Up Node,143,,,,,,,,,,,,,,,,,,,,,,,,,,,,,,,,,,,
Dest Node,143,,,,,,,,,,,,,,,,,,,,,,,,,,,,,,,,,,,
StreetName,143,,,,,,,,,,,,,,,,,,,,,,,,,,,,,,,,,,,
TurnVolume,143,,,,,,,,,,,,,,,,,,,,,,,,,,,,,,,,,,,
Lanes,143,,,,,,,,,,,,,,,,,,,,,,,,,,,,,,,,,,,
Shared,143,,,,,,,,,,,,,,,,,,,,,,,,,,,,,,,,,,,
Width,143,,,,,,,,,,,,,,,,,,,,,,,,,,,,,,,,,,,
Storage,143,,,,,,,,,,,,,,,,,,,,,,,,,,,,,,,,,,,
StLanes,143,,,,,,,,,,,,,,,,,,,,,,,,,,,,,,,,,,,
Grade,143,,,,,,,,,,,,,,,,,,,,,,,,,,,,,,,,,,,
Speed,143,,,,,,,,,,,,,,,,,,,,,,,,,,,,,,,,,,,
Up Node,144,,,,,,,,,,,,,,,,,,,,,,,,,,,,,,,,,,,
Dest Node,144,,,,,,,,,,,,,,,,,,,,,,,,,,,,,,,,,,,
StreetName,144,,,,,,,,,,,,,,,,,,,,,,,,,,,,,,,,,,,
TurnVolume,144,,,,,,,,,,,,,,,,,,,,,,,,,,,,,,,,,,,
Lanes,144,,,,,,,,,,,,,,,,,,,,,,,,,,,,,,,,,,,
Shared,144,,,,,,,,,,,,,,,,,,,,,,,,,,,,,,,,,,,
Width,144,,,,,,,,,,,,,,,,,,,,,,,,,,,,,,,,,,,
Storage,144,,,,,,,,,,,,,,,,,,,,,,,,,,,,,,,,,,,
StLanes,144,,,,,,,,,,,,,,,,,,,,,,,,,,,,,,,,,,,
Grade,144,,,,,,,,,,,,,,,,,,,,,,,,,,,,,,,,,,,
Speed,144,,,,,,,,,,,,,,,,,,,,,,,,,,,,,,,,,,,
Up Node,145,,,,,,,,,,,,,,,,,,,,,,,,,,,,,,,,,,,
Dest Node,145,,,,,,,,,,,,,,,,,,,,,,,,,,,,,,,,,,,
StreetName,145,,,,,,,,,,,,,,,,,,,,,,,,,,,,,,,,,,,
TurnVolume,145,,,,,,,,,,,,,,,,,,,,,,,,,,,,,,,,,,,
Lanes,145,,,,,,,,,,,,,,,,,,,,,,,,,,,,,,,,,,,
Shared,145,,,,,,,,,,,,,,,,,,,,,,,,,,,,,,,,,,,
Width,145,,,,,,,,,,,,,,,,,,,,,,,,,,,,,,,,,,,
Storage,145,,,,,,,,,,,,,,,,,,,,,,,,,,,,,,,,,,,
StLanes,145,,,,,,,,,,,,,,,,,,,,,,,,,,,,,,,,,,,
Grade,145,,,,,,,,,,,,,,,,,,,,,,,,,,,,,,,,,,,
Speed,145,,,,,,,,,,,,,,,,,,,,,,,,,,,,,,,,,,,
Up Node,146,,,,,,,,,,,,,,,,,,,,,,,,,,,,,,,,,,,
Dest Node,146,,,,,,,,,,,,,,,,,,,,,,,,,,,,,,,,,,,
StreetName,146,,,,,,,,,,,,,,,,,,,,,,,,,,,,,,,,,,,
TurnVolume,146,,,,,,,,,,,,,,,,,,,,,,,,,,,,,,,,,,,
Lanes,146,,,,,,,,,,,,,,,,,,,,,,,,,,,,,,,,,,,
Shared,146,,,,,,,,,,,,,,,,,,,,,,,,,,,,,,,,,,,
Width,146,,,,,,,,,,,,,,,,,,,,,,,,,,,,,,,,,,,
Storage,146,,,,,,,,,,,,,,,,,,,,,,,,,,,,,,,,,,,
StLanes,146,,,,,,,,,,,,,,,,,,,,,,,,,,,,,,,,,,,
Grade,146,,,,,,,,,,,,,,,,,,,,,,,,,,,,,,,,,,,
Speed,146,,,,,,,,,,,,,,,,,,,,,,,,,,,,,,,,,,,
Up Node,147,,,,,,,,,,,,,,,,,,,,,,,,,,,,,,,,,,,
Dest Node,147,,,,,,,,,,,,,,,,,,,,,,,,,,,,,,,,,,,
StreetName,147,,,,,,,,,,,,,,,,,,,,,,,,,,,,,,,,,,,
TurnVolume,147,,,,,,,,,,,,,,,,,,,,,,,,,,,,,,,,,,,
Lanes,147,,,,,,,,,,,,,,,,,,,,,,,,,,,,,,,,,,,
Shared,147,,,,,,,,,,,,,,,,,,,,,,,,,,,,,,,,,,,
Width,147,,,,,,,,,,,,,,,,,,,,,,,,,,,,,,,,,,,
Storage,147,,,,,,,,,,,,,,,,,,,,,,,,,,,,,,,,,,,
StLanes,147,,,,,,,,,,,,,,,,,,,,,,,,,,,,,,,,,,,
Grade,147,,,,,,,,,,,,,,,,,,,,,,,,,,,,,,,,,,,
Speed,147,,,,,,,,,,,,,,,,,,,,,,,,,,,,,,,,,,,
Up Node,148,,,,,,,,,,,,,,,,,,,,,,,,,,,,,,,,,,,
Dest Node,148,,,,,,,,,,,,,,,,,,,,,,,,,,,,,,,,,,,
StreetName,148,,,,,,,,,,,,,,,,,,,,,,,,,,,,,,,,,,,
TurnVolume,148,,,,,,,,,,,,,,,,,,,,,,,,,,,,,,,,,,,
Lanes,148,,,,,,,,,,,,,,,,,,,,,,,,,,,,,,,,,,,
Shared,148,,,,,,,,,,,,,,,,,,,,,,,,,,,,,,,,,,,
Width,148,,,,,,,,,,,,,,,,,,,,,,,,,,,,,,,,,,,
Storage,148,,,,,,,,,,,,,,,,,,,,,,,,,,,,,,,,,,,
StLanes,148,,,,,,,,,,,,,,,,,,,,,,,,,,,,,,,,,,,
Grade,148,,,,,,,,,,,,,,,,,,,,,,,,,,,,,,,,,,,
Speed,148,,,,,,,,,,,,,,,,,,,,,,,,,,,,,,,,,,,
Up Node,149,,,,,,,,,,,,,,,,,,,,,,,,,,,,,,,,,,,
Dest Node,149,,,,,,,,,,,,,,,,,,,,,,,,,,,,,,,,,,,
StreetName,149,,,,,,,,,,,,,,,,,,,,,,,,,,,,,,,,,,,
TurnVolume,149,,,,,,,,,,,,,,,,,,,,,,,,,,,,,,,,,,,
Lanes,149,,,,,,,,,,,,,,,,,,,,,,,,,,,,,,,,,,,
Shared,149,,,,,,,,,,,,,,,,,,,,,,,,,,,,,,,,,,,
Width,149,,,,,,,,,,,,,,,,,,,,,,,,,,,,,,,,,,,
Storage,149,,,,,,,,,,,,,,,,,,,,,,,,,,,,,,,,,,,
StLanes,149,,,,,,,,,,,,,,,,,,,,,,,,,,,,,,,,,,,
Grade,149,,,,,,,,,,,,,,,,,,,,,,,,,,,,,,,,,,,
Speed,149,,,,,,,,,,,,,,,,,,,,,,,,,,,,,,,,,,,
